idalumno06,bin1,bin2,bin3,bin4,bin5,bin6,bin7,bin8,bin9,bin10,bin11,bin12,bin13,bin14,bin15,bin16,bin17,bin18,bin19,bin20,bin21,bin22,bin23,bin24,bin25,bin26,bin27,bin28,bin29,bin30,bin31,bin32,bin33,bin34,bin35,bin36,bin37,bin38,bin39,bin40,bin41,bin42,bin43,bin44,bin45,score,DDCIA06,RUR06,GENERO,REPITE_IMP,educm,educp,gse,select
1203,1,0,0,0,1,0,0,0,0,0,0,0,0,0,0,0,0,0,1,0,1,0,1,1,1,0,1,0,0,0,1,1,0,0,0,0,0,1,1,1,0,0,0,1,0,14,MD,Urbano,H,0,4,4,2,0
1876,0,0,0,1,1,1,0,1,1,1,1,1,1,1,1,1,0,1,1,0,1,1,1,1,1,0,1,1,0,0,1,1,0,1,1,1,1,1,1,0,1,0,0,0,1,31,PS,Urbano,H,0,5,7,3,0
1901,1,1,0,1,1,1,0,1,0,0,1,0,1,1,1,1,0,1,1,1,1,1,1,1,1,1,0,1,1,1,0,1,1,1,0,1,1,1,1,1,1,1,1,1,1,36,PS,Urbano,H,0,2,7,3,0
1997,1,0,0,0,0,0,0,0,0,1,0,0,0,0,0,0,0,0,1,1,0,0,0,0,0,0,0,0,1,0,0,0,0,0,0,0,0,0,0,0,0,0,0,0,0,5,PS,Urbano,M,0,4,8,3,0
2570,1,1,0,1,0,0,0,0,0,0,0,1,1,0,0,0,0,1,0,1,1,0,0,0,0,0,0,0,0,0,0,0,0,1,0,0,0,0,0,0,0,0,0,0,0,9,MC,Urbano,M,0,1,3,2,0
2909,1,1,0,1,1,1,0,1,0,0,0,1,0,0,0,1,0,1,1,0,1,0,1,0,1,0,1,0,1,0,1,1,0,0,0,1,1,0,0,1,0,0,1,0,0,21,MC,Urbano,M,0,4,4,3,0
3877,1,0,0,1,1,1,1,1,1,0,0,1,1,0,0,0,0,1,1,1,0,0,0,0,0,0,0,0,1,0,0,1,0,0,0,1,0,0,0,0,0,1,0,1,0,17,MC,Urbano,H,0,6,6,2,0
4362,1,1,1,1,1,1,0,1,1,0,1,1,1,0,1,1,0,0,1,1,1,0,1,1,1,1,1,1,1,1,1,1,1,1,1,1,1,1,1,1,1,1,1,1,1,39,PS,Urbano,M,0,6,4,4,0
5132,1,1,0,1,1,1,0,1,0,1,1,1,1,1,1,1,1,1,1,1,1,0,1,1,1,1,1,0,0,1,1,1,0,1,0,1,1,1,0,1,1,1,0,1,1,35,MD,Urbano,H,0,4,3,2,1
5251,1,0,1,1,1,1,0,0,0,0,1,0,1,1,1,0,1,1,1,0,0,0,1,1,0,0,1,0,0,0,1,1,0,1,0,0,0,0,1,0,1,1,1,1,1,24,PS,Urbano,M,0,3,6,3,0
7174,1,0,0,0,1,1,1,0,0,0,1,0,1,0,0,0,1,1,0,0,0,1,0,0,1,0,1,0,0,0,0,1,0,1,0,0,0,0,0,0,0,1,0,1,0,15,MC,Urbano,M,0,2,3,2,0
7377,1,0,0,0,1,1,0,1,1,0,0,0,0,0,0,0,0,1,0,0,0,0,1,0,0,0,0,0,0,1,0,1,1,1,0,0,1,0,0,1,0,1,0,0,1,15,MC,Urbano,H,0,4,4,2,0
8567,1,0,0,1,1,1,1,1,0,0,1,0,1,1,0,0,1,1,1,1,1,0,1,1,1,1,1,0,0,1,1,1,0,1,0,1,1,1,1,1,1,1,1,1,1,33,MC,Urbano,M,0,7,8,3,0
9640,1,0,1,1,1,1,1,0,0,1,0,1,1,0,1,1,0,1,1,1,1,0,1,1,1,0,1,0,1,0,1,1,1,1,0,0,1,1,1,1,0,1,1,1,1,32,MC,Urbano,M,0,4,3,4,0
9687,1,1,0,1,1,1,0,1,1,1,1,1,1,1,1,1,0,1,1,1,1,0,1,1,1,1,1,1,1,1,1,1,1,1,1,1,1,1,0,1,1,1,1,1,1,40,MC,Urbano,H,0,5,8,4,0
9736,0,0,0,1,0,1,0,0,1,0,0,0,1,1,0,0,1,0,1,1,1,0,1,0,0,0,0,0,0,1,1,1,0,1,0,1,0,0,1,0,0,0,1,0,1,18,PS,Urbano,M,0,2,3,2,0
9858,1,1,1,1,1,1,0,1,0,1,1,1,1,1,1,1,1,1,1,0,1,1,1,1,1,0,1,0,1,1,1,1,1,1,1,1,1,1,1,1,1,1,1,1,1,40,PS,Urbano,M,0,7,4,4,1
10396,1,1,1,1,1,1,0,1,1,1,1,1,1,1,1,1,0,1,1,1,1,1,1,1,1,1,1,1,0,1,1,1,1,1,1,1,0,0,1,1,1,1,1,1,1,40,PP,Urbano,M,0,8,7,5,0
10520,1,1,1,1,1,1,1,1,1,1,1,1,0,1,1,1,0,1,1,1,1,1,1,1,1,0,1,0,0,0,1,1,0,1,0,1,1,1,1,1,1,1,1,1,1,37,PP,Urbano,H,0,7,8,4,0
11242,0,0,0,0,0,1,0,1,0,0,0,0,1,1,0,1,0,1,1,0,0,0,0,0,0,0,1,0,0,0,0,0,0,1,0,0,0,0,0,0,0,0,0,0,0,9,MD,Urbano,M,0,3,3,2,0
11342,1,0,0,1,0,1,1,0,1,1,0,0,1,1,0,1,0,1,1,0,0,0,0,0,1,1,0,1,1,0,1,1,0,1,0,1,0,0,0,0,1,1,1,0,0,22,MD,Urbano,H,1,4,1,2,0
12154,0,1,0,1,1,1,0,1,0,0,0,0,0,0,0,1,0,1,1,1,0,0,1,1,0,0,1,1,0,0,0,1,1,1,0,1,1,0,1,0,1,1,1,1,0,23,MD,Urbano,M,1,2,3,2,0
12328,1,1,0,1,1,1,1,0,0,0,0,0,1,1,1,1,1,1,1,1,1,0,0,0,0,0,0,0,0,0,1,1,0,1,0,0,1,0,0,0,0,0,0,0,1,20,MD,Urbano,H,0,4,4,2,0
12376,1,0,0,0,1,0,0,1,0,0,1,1,0,0,0,0,0,1,1,1,1,0,0,1,0,0,1,0,0,0,1,1,0,1,0,1,1,0,0,0,0,1,1,0,1,19,MD,Urbano,M,0,8,3,2,0
12382,1,0,1,1,1,0,0,1,0,0,0,0,0,0,0,0,1,0,0,1,0,1,0,0,0,0,1,0,0,0,1,0,0,1,0,0,1,0,1,0,0,0,0,0,0,13,MD,Urbano,M,0,3,4,2,0
13128,1,0,0,1,0,1,0,1,1,0,0,1,0,0,1,1,0,1,0,0,1,1,1,0,0,0,1,0,0,1,1,1,1,1,0,1,0,0,0,0,1,1,1,1,0,23,PS,Urbano,M,0,4,3,3,1
13716,1,0,0,1,1,1,0,0,1,0,1,0,1,1,1,1,0,1,1,0,0,0,1,0,1,1,0,0,0,0,1,0,1,1,0,0,1,0,0,1,1,0,0,0,1,22,MD,Urbano,M,0,1,1,2,0
14881,1,0,1,1,1,1,1,1,0,0,0,1,1,1,0,0,1,0,0,1,1,1,1,0,1,0,0,0,0,0,1,1,1,1,0,1,1,0,1,0,1,1,1,1,1,28,MC,Urbano,H,0,3,3,2,1
14955,1,1,1,0,1,0,1,0,1,0,0,1,1,0,0,0,0,0,0,1,0,0,0,0,0,0,0,0,0,0,0,0,0,1,0,0,1,0,0,0,0,1,1,1,1,15,MC,Urbano,H,0,2,3,2,1
15646,0,1,1,1,1,1,0,0,0,0,0,0,0,1,0,0,0,1,1,1,0,0,0,0,0,0,0,1,0,1,0,1,1,1,1,0,0,0,0,0,0,1,0,0,1,17,PS,Urbano,H,0,4,4,2,1
15731,0,0,0,1,1,1,0,1,1,1,0,0,1,0,0,0,0,1,1,1,0,0,1,0,1,0,0,0,0,0,1,1,1,1,0,0,0,1,1,1,0,1,1,0,0,21,PS,Urbano,H,0,4,3,2,1
15809,1,0,0,1,0,1,1,0,1,0,0,0,1,0,0,0,1,0,1,0,1,0,1,0,0,0,0,0,0,0,0,1,0,0,0,1,0,0,0,0,0,0,0,0,0,12,PS,Urbano,M,0,3,4,2,1
15944,1,1,0,1,1,1,0,1,0,1,1,1,1,1,0,1,1,1,1,0,1,0,1,1,1,0,0,0,0,1,1,1,1,1,0,0,1,0,0,1,0,1,1,1,1,30,PS,Urbano,M,0,4,2,2,1
16905,0,0,1,0,0,0,1,0,1,1,0,0,0,1,0,1,1,0,0,0,0,0,1,0,0,0,0,0,0,1,0,0,0,1,0,1,1,1,0,0,0,0,0,1,0,14,PP,Urbano,M,0,8,8,5,1
17098,1,0,1,1,1,1,1,0,1,0,1,1,1,1,1,1,0,1,1,1,1,0,1,1,1,0,1,0,1,1,1,1,1,1,0,1,1,1,0,1,1,0,1,1,0,34,MD,Urbano,M,0,3,4,2,1
17122,0,0,0,1,1,0,0,0,0,0,1,1,1,0,1,0,1,1,1,0,1,0,0,0,0,0,0,0,0,0,0,0,0,0,0,0,1,0,0,0,0,1,1,0,0,13,MD,Urbano,M,1,4,3,2,1
17432,1,1,0,1,1,1,1,1,1,0,1,1,0,0,1,0,0,1,1,1,0,0,0,0,1,0,1,0,0,0,1,1,1,1,0,0,1,0,1,1,0,1,1,1,0,26,MD,Urbano,H,0,2,3,1,0
17563,1,1,1,1,1,1,0,1,0,0,1,0,0,0,0,0,0,1,1,1,0,0,1,0,1,0,1,0,0,0,1,1,1,1,0,0,1,1,0,0,0,1,1,0,0,22,MD,Urbano,H,0,2,1,1,0
17851,1,1,1,1,1,1,0,0,1,0,0,1,1,0,1,1,1,1,1,1,1,0,0,0,0,1,0,0,0,1,1,1,1,1,0,1,0,1,0,0,1,1,1,1,1,29,MD,Urbano,H,0,2,3,2,0
18151,1,1,1,1,1,1,0,1,1,0,1,1,1,0,1,1,0,0,1,1,0,1,1,1,1,1,1,0,0,1,1,1,1,1,0,1,1,0,1,1,1,1,1,1,1,35,PS,Urbano,H,0,4,4,3,0
18266,0,0,1,1,1,1,0,0,0,0,0,1,0,0,0,0,0,1,1,1,0,1,1,1,0,0,0,0,0,0,1,0,1,0,0,0,0,0,0,0,0,1,1,0,0,15,PS,Urbano,M,0,6,8,3,1
18481,1,0,0,1,0,1,0,0,0,0,0,1,0,0,1,0,1,0,0,0,0,1,0,1,0,1,1,0,0,0,0,0,1,1,1,0,1,1,0,0,0,0,0,0,0,15,MD,Urbano,M,0,1,1,1,0
18505,1,0,1,1,1,1,1,0,1,0,0,0,1,0,0,0,1,1,1,1,1,1,1,0,0,0,1,0,0,0,1,1,1,1,0,0,0,0,1,0,0,0,1,0,0,22,MD,Urbano,M,0,2,2,1,0
18521,1,0,0,0,1,1,0,1,1,0,0,0,0,0,0,0,1,1,0,1,1,0,0,0,0,0,0,0,0,0,1,1,0,1,0,0,0,1,0,0,0,0,1,0,0,14,MD,Urbano,H,0,3,3,1,0
18734,0,0,0,1,1,1,0,0,0,0,0,1,1,1,0,0,1,1,1,0,0,1,1,0,0,1,0,0,0,0,0,1,0,1,0,0,0,1,0,1,0,1,0,0,1,18,MD,Urbano,H,0,2,4,2,1
18886,1,0,1,1,1,1,1,1,0,0,1,0,1,0,1,1,0,1,1,1,0,0,1,0,1,0,1,0,1,0,1,1,1,1,0,0,1,0,1,1,1,1,1,0,1,29,PS,Urbano,H,0,4,4,3,0
19414,1,0,0,1,1,1,0,0,0,1,0,1,1,1,0,0,1,1,0,0,0,0,1,0,1,0,1,0,0,0,1,1,0,1,0,0,0,0,1,0,0,1,1,0,0,19,MD,Urbano,H,1,2,1,2,1
19487,1,0,0,1,1,0,0,0,0,0,0,0,0,0,0,1,1,0,0,0,0,1,1,1,0,0,1,1,0,0,1,0,0,0,0,0,0,0,0,0,0,0,0,1,1,13,MD,Urbano,M,0,4,4,2,1
19902,1,1,0,1,1,1,0,1,0,0,0,0,0,0,0,0,0,0,0,1,1,0,1,1,0,0,0,1,1,0,1,1,1,1,0,1,1,0,0,0,1,0,1,0,0,20,MD,Urbano,H,0,1,3,2,1
19918,1,1,0,1,1,1,0,0,1,0,0,0,0,0,0,0,0,1,1,0,1,0,0,0,1,0,0,0,0,1,1,1,1,1,0,1,1,1,1,0,1,1,1,0,0,22,MD,Urbano,H,0,4,4,2,1
20963,0,0,0,0,1,0,0,0,0,0,0,0,0,1,0,1,0,0,1,0,1,1,1,1,0,0,0,0,0,0,1,0,1,0,0,1,1,0,1,0,0,0,0,0,0,13,MD,Urbano,H,0,1,2,1,0
21092,1,0,0,1,1,1,1,1,1,0,1,0,1,0,1,1,0,1,1,1,1,1,1,1,1,1,1,0,1,0,1,1,0,1,0,1,0,1,1,1,0,1,1,1,1,33,MD,Urbano,H,0,4,3,2,0
21318,0,0,0,1,0,0,0,0,0,0,0,0,0,0,0,1,0,0,1,0,0,0,1,1,1,0,0,1,0,0,1,1,0,0,0,0,0,0,0,0,0,0,0,0,0,9,MD,Urbano,M,1,2,1,2,0
21420,1,0,1,0,1,1,0,1,0,0,1,0,1,1,1,0,1,0,1,1,0,1,0,0,0,0,1,0,0,1,1,1,1,1,0,1,1,0,1,0,1,0,1,0,0,24,MD,Urbano,H,0,2,2,1,1
21425,1,0,0,1,1,1,0,1,1,0,1,1,1,1,0,1,0,1,1,0,0,0,1,0,0,0,1,0,0,0,1,1,1,1,0,1,1,1,0,0,0,1,1,0,1,25,MD,Urbano,M,0,2,1,1,1
21706,1,0,0,1,1,1,0,0,1,0,1,1,0,0,0,1,1,1,0,0,1,0,1,0,1,0,1,0,0,1,1,0,1,1,0,1,1,0,0,0,1,1,1,0,1,24,PS,Urbano,H,0,4,4,3,1
21903,1,0,0,0,1,1,0,0,1,0,1,1,0,0,0,0,1,1,1,0,0,0,0,1,0,0,0,0,0,0,0,0,0,1,0,1,1,0,0,1,1,0,1,0,0,16,MD,Urbano,M,0,4,3,1,0
22159,1,0,1,1,1,1,0,0,0,0,1,1,1,1,1,0,1,1,1,1,1,0,0,0,1,0,1,0,0,0,1,1,1,1,0,0,0,0,1,1,0,0,1,1,0,25,PS,Urbano,H,0,4,4,3,0
22699,1,0,0,1,0,1,0,0,1,0,0,1,0,1,0,0,0,1,0,1,0,1,1,0,1,0,0,1,0,1,0,0,0,0,0,1,1,0,1,0,0,0,0,0,1,17,MD,Urbano,M,0,1,1,2,1
22888,0,0,0,0,0,0,1,0,0,0,1,0,0,1,0,0,0,1,1,1,0,0,0,0,0,0,1,0,1,0,1,1,0,0,0,1,0,0,0,0,0,1,0,0,0,12,MD,Rural,M,0,1,4,1,0
23169,0,1,0,1,0,1,0,0,0,0,0,0,0,1,0,0,1,1,1,0,0,0,1,0,1,0,0,0,1,0,1,1,0,1,0,1,0,0,0,0,0,0,0,0,0,14,MD,Urbano,H,0,4,2,1,1
24262,1,1,0,1,1,1,0,1,1,1,1,0,1,0,0,1,0,1,1,0,1,1,0,0,1,0,0,0,0,0,0,1,0,1,0,1,1,0,0,0,1,1,0,1,0,23,PS,Urbano,H,0,3,2,2,0
24392,1,1,1,1,1,1,0,1,0,0,0,1,0,0,0,0,0,1,1,1,0,0,1,0,0,0,0,0,0,0,1,0,0,1,0,0,1,0,0,1,0,1,1,1,1,20,PS,Urbano,M,0,2,3,2,0
24655,1,0,1,0,1,0,0,1,1,0,0,1,0,0,1,0,0,0,0,0,1,1,1,0,0,1,1,0,0,0,1,0,0,1,0,0,1,0,0,0,0,1,1,0,1,18,PS,Urbano,M,0,1,1,2,0
24905,1,1,1,1,1,1,1,1,1,1,1,1,1,1,1,1,1,1,1,1,1,1,1,1,1,1,1,1,0,1,1,1,1,1,1,1,1,1,1,1,1,1,1,1,1,44,PP,Urbano,H,0,8,8,5,1
26089,1,1,0,1,1,1,0,1,1,0,1,0,1,1,0,0,1,1,0,1,0,0,1,1,1,0,1,0,0,0,1,0,1,1,1,1,1,1,0,1,1,1,1,1,1,30,PS,Urbano,M,0,4,4,3,1
26879,1,1,0,1,1,1,1,1,1,0,1,1,0,0,0,0,0,1,1,0,0,0,1,0,0,0,0,0,0,0,1,1,1,1,0,1,0,0,0,1,0,1,1,0,1,22,MD,Urbano,H,0,2,1,2,0
27480,1,1,0,1,1,1,0,1,1,0,0,1,0,0,0,0,0,1,1,1,1,0,1,0,1,0,0,0,0,0,1,1,0,1,0,0,0,0,0,0,1,1,0,1,1,21,MD,Urbano,M,0,4,4,2,0
27665,1,1,1,1,1,1,0,1,1,1,0,1,1,0,0,1,0,1,0,0,1,1,1,0,0,0,1,0,0,1,1,1,0,1,0,0,1,0,1,0,1,1,1,0,1,27,MD,Urbano,M,0,4,2,2,0
27858,1,0,0,0,1,0,0,0,0,1,0,0,0,1,0,0,0,1,0,1,0,0,1,1,0,0,0,0,0,0,0,1,0,1,0,0,0,0,0,0,0,0,1,0,1,12,PS,Urbano,M,0,1,1,2,1
28675,1,0,0,1,1,1,0,0,1,0,0,0,0,0,0,0,0,1,1,0,1,0,1,0,0,0,0,0,0,0,0,0,1,0,0,0,0,0,0,0,0,1,0,0,0,11,PS,Urbano,H,1,4,2,2,0
29642,1,0,0,1,0,1,0,1,0,0,1,1,0,0,1,1,1,0,0,1,0,0,1,0,0,0,0,0,0,0,1,1,1,1,0,0,0,1,0,0,0,1,1,0,1,19,PS,Urbano,H,0,3,3,2,1
31632,0,0,1,1,1,1,1,1,0,0,0,0,1,1,0,0,0,0,0,1,0,0,0,0,0,1,1,0,1,0,0,0,0,0,0,0,1,0,0,1,0,0,0,0,1,15,MC,Urbano,M,0,1,3,2,0
32632,1,0,1,1,1,1,0,0,0,0,0,0,1,0,0,0,0,1,1,0,0,0,1,0,0,0,1,0,1,0,0,0,0,1,0,1,0,1,0,0,0,0,1,0,0,15,MC,Urbano,H,0,4,4,2,0
32640,0,1,1,1,0,0,0,0,1,1,0,0,0,0,0,0,0,1,1,1,1,1,0,0,0,0,1,0,0,0,0,0,0,0,0,0,0,0,1,0,0,0,0,0,0,12,MC,Urbano,H,0,3,4,2,0
33449,1,0,1,0,0,0,0,1,0,0,0,0,0,1,0,0,0,0,1,0,0,1,0,1,0,0,0,1,1,0,0,0,0,0,1,0,0,1,0,0,1,0,0,0,0,12,MC,Urbano,M,0,3,3,1,0
33510,1,1,1,1,1,1,1,1,1,0,1,1,1,1,1,1,1,1,1,1,1,0,1,1,1,1,1,1,0,1,1,1,1,1,0,1,1,1,0,1,1,1,1,0,1,39,MC,Urbano,H,0,6,7,2,0
36362,1,0,0,1,1,1,0,0,0,0,0,1,0,0,1,1,0,1,1,0,1,1,1,1,0,0,0,0,0,0,1,1,0,1,0,0,0,0,0,0,0,0,1,1,0,18,MC,Urbano,H,0,4,4,2,1
37167,1,1,1,1,1,1,1,1,1,1,1,1,1,1,1,0,1,1,1,1,1,1,1,1,1,0,1,1,1,1,1,1,1,1,1,1,1,1,1,1,1,1,1,1,1,43,PS,Urbano,H,0,7,7,4,1
37258,1,1,1,1,1,1,0,1,1,0,0,1,0,0,0,0,0,1,1,0,0,1,1,1,0,1,0,0,0,0,1,1,1,1,0,1,0,1,0,1,1,1,1,1,0,26,PS,Urbano,M,0,4,6,3,1
37276,1,1,0,1,1,0,0,1,0,0,0,0,1,1,0,0,1,1,1,1,1,1,1,1,1,1,1,0,0,0,1,1,0,1,0,1,1,1,0,0,1,1,0,1,0,27,PS,Urbano,M,0,4,4,3,1
37662,1,1,1,1,1,1,0,1,1,1,1,1,1,1,0,1,1,1,1,1,1,0,1,0,1,0,1,0,0,1,1,1,1,1,0,1,1,1,1,1,0,1,1,1,1,36,PS,Urbano,H,0,4,4,3,1
38089,1,0,1,1,1,1,0,1,0,0,1,0,1,0,0,0,1,1,0,1,1,1,1,1,1,0,1,0,0,1,1,0,1,1,1,1,1,0,0,1,1,1,1,1,1,30,PS,Urbano,H,0,4,4,4,1
38964,1,0,1,1,1,1,0,1,0,1,1,0,1,0,1,1,0,1,1,1,1,1,1,0,1,1,1,0,0,1,1,1,1,1,0,1,1,1,0,1,1,0,0,0,1,31,PP,Urbano,H,0,6,8,5,1
40669,1,1,1,1,1,1,0,1,1,1,1,1,1,1,1,1,1,1,1,1,1,1,1,1,1,0,1,1,0,1,1,1,1,1,1,1,1,1,1,1,1,1,1,1,1,42,PS,Urbano,H,0,5,8,4,1
41539,1,0,0,1,1,1,0,0,0,0,0,0,1,1,1,1,0,0,0,0,0,0,0,0,0,1,1,0,1,0,1,1,1,1,0,1,1,0,0,0,0,1,1,1,0,20,MC,Urbano,H,0,5,5,2,0
41801,1,1,1,0,1,1,0,1,1,0,0,1,0,0,1,0,1,1,1,0,1,0,1,1,1,1,1,1,1,0,1,1,0,0,0,1,0,0,0,1,1,0,1,1,0,27,MC,Urbano,M,0,3,2,2,1
43770,1,0,1,1,1,0,0,1,0,0,1,0,0,0,1,0,0,1,1,0,1,0,0,0,0,1,1,0,0,0,1,1,1,1,0,1,0,0,1,0,0,1,0,0,1,20,PS,Urbano,M,0,4,2,2,1
44886,1,1,0,1,1,1,1,1,1,0,0,1,0,0,0,1,1,1,1,1,1,1,1,0,0,0,1,0,0,0,1,1,1,1,0,1,0,1,0,0,1,1,1,0,0,27,MC,Urbano,H,0,4,4,2,1
44951,1,1,1,1,1,0,0,0,0,0,0,0,0,0,0,1,0,0,0,0,0,0,0,0,0,1,0,0,1,0,0,1,0,0,0,0,0,1,0,1,1,0,1,0,0,13,MC,Urbano,H,0,1,4,2,1
46184,1,0,0,1,1,1,0,1,0,0,0,0,0,0,0,1,1,0,0,0,1,1,1,0,0,0,1,1,0,1,0,1,0,1,0,0,0,1,0,0,1,1,1,0,0,19,MC,Urbano,H,0,6,8,3,1
46198,1,0,1,1,1,1,0,1,0,0,1,1,0,0,0,1,0,1,1,1,1,0,0,0,0,1,1,1,1,0,0,1,1,0,0,0,1,1,0,1,0,1,1,0,0,24,MC,Urbano,H,0,2,4,3,1
46210,1,1,0,1,1,1,0,1,1,0,0,1,1,0,0,1,0,1,1,0,1,0,1,0,1,0,1,0,0,0,1,1,0,1,0,1,0,0,1,1,1,1,1,0,1,26,MC,Urbano,M,0,6,7,3,1
46336,1,0,1,1,0,1,0,0,0,0,0,1,0,0,0,0,0,0,0,1,0,0,1,0,0,0,0,1,0,0,1,1,1,0,0,0,0,1,0,0,0,0,0,0,1,13,MC,Urbano,M,0,7,4,3,1
46519,1,1,1,1,1,1,0,0,0,0,1,0,0,0,0,0,0,0,1,0,0,0,0,0,0,1,0,0,0,0,1,0,0,0,0,0,0,1,1,0,1,1,1,1,0,16,MC,Urbano,H,0,4,5,3,1
46771,0,0,0,1,1,1,1,0,0,0,0,0,1,0,1,1,0,1,0,1,0,0,1,0,0,0,0,0,0,0,0,0,0,0,0,1,0,0,1,0,0,0,0,0,0,12,MC,Urbano,M,0,4,4,2,1
46990,1,1,1,1,1,1,0,1,0,0,1,1,1,1,1,1,1,1,1,1,1,1,1,0,1,1,1,0,0,1,1,1,0,1,1,1,1,1,1,1,1,1,1,1,0,37,MC,Urbano,H,0,1,1,2,1
48524,0,0,0,0,1,1,0,0,0,1,0,0,0,1,0,0,0,0,0,0,0,0,1,1,0,0,1,0,0,0,1,0,0,0,0,0,1,1,0,0,0,1,0,1,1,13,MD,Urbano,M,0,3,2,1,1
48650,1,0,0,1,1,1,1,1,1,0,0,1,1,1,0,1,1,1,0,1,1,0,1,0,0,1,0,0,0,0,1,1,0,1,0,0,0,0,1,1,0,0,1,0,0,23,MD,Urbano,H,0,3,3,1,1
48660,1,0,0,1,1,1,0,0,1,0,0,0,1,0,0,0,1,1,1,1,0,0,0,1,1,0,1,0,0,0,1,0,0,1,0,0,0,0,0,0,0,0,0,0,1,16,MD,Urbano,H,0,4,4,1,1
49250,1,0,0,1,1,1,1,1,0,0,0,1,1,0,1,1,0,1,1,0,1,0,0,0,0,0,0,0,0,0,1,1,0,1,0,1,0,0,1,1,0,1,1,1,0,22,PP,Urbano,M,0,6,8,5,1
49334,1,0,1,0,1,1,0,1,0,0,0,0,1,1,0,0,0,1,1,1,1,0,0,0,0,0,0,0,0,0,1,1,1,0,0,1,1,0,0,0,0,0,0,0,0,16,MD,Urbano,H,0,2,2,1,1
49427,1,1,1,0,1,1,0,1,1,0,1,1,1,1,1,1,1,1,1,1,1,1,1,0,1,0,1,0,0,1,1,1,1,1,0,1,1,1,1,1,1,1,1,1,1,37,MD,Urbano,H,0,3,1,1,1
49617,1,1,1,1,1,1,1,1,1,0,1,1,1,1,0,1,1,1,1,1,1,1,1,1,1,1,1,1,0,1,1,1,1,1,1,1,1,1,0,0,1,1,1,1,1,40,PS,Urbano,H,0,2,3,2,1
49851,1,1,1,1,1,1,1,0,1,0,1,0,0,0,1,0,1,1,1,1,0,0,1,1,0,0,1,0,0,0,0,1,0,1,0,1,0,1,1,1,0,0,1,0,0,24,MD,Urbano,H,1,2,1,2,1
50019,1,0,0,1,1,1,0,0,1,0,0,0,1,0,0,0,0,0,0,0,0,1,0,0,0,0,1,0,0,0,0,0,0,0,0,0,0,0,0,1,1,0,0,0,1,11,MD,Urbano,M,0,4,2,2,0
50459,1,1,1,1,1,1,1,1,1,1,1,1,1,1,1,1,1,1,1,1,1,0,1,1,1,1,1,1,1,1,1,1,1,1,1,1,1,1,1,1,1,1,1,1,1,44,PS,Urbano,H,0,4,3,3,0
50541,1,0,1,1,1,1,1,1,1,0,0,1,1,1,1,0,0,1,1,0,1,0,1,0,0,0,1,0,1,0,1,1,1,1,1,1,1,1,1,1,1,1,0,0,1,31,PS,Urbano,H,0,4,2,3,1
50693,1,1,0,1,1,0,0,0,0,0,0,0,1,1,0,1,0,0,0,0,1,0,1,1,0,1,0,0,0,0,1,0,0,1,0,1,0,0,0,0,0,0,0,1,0,15,MD,Urbano,H,0,4,4,1,0
51106,0,0,0,0,1,1,0,0,1,0,0,1,0,1,1,1,1,0,0,0,0,0,0,1,1,0,1,0,0,0,0,1,0,1,0,1,0,0,1,0,0,1,0,1,1,18,MC,Urbano,M,0,3,3,2,1
52775,1,1,1,1,1,1,1,1,1,0,0,0,1,0,0,0,1,1,1,1,0,1,1,0,1,1,0,0,0,1,1,1,1,1,0,0,0,0,0,1,0,0,0,0,0,24,MC,Urbano,M,0,4,4,2,1
52799,1,0,1,1,1,0,0,1,0,0,0,1,0,1,0,0,1,1,1,1,0,0,1,0,1,1,0,0,1,1,1,1,1,1,0,0,1,0,0,0,0,0,0,1,1,23,MC,Urbano,M,0,4,3,2,1
52984,1,0,0,1,1,0,0,1,1,0,0,0,1,0,0,0,1,1,1,0,1,1,1,0,1,0,0,0,0,0,1,1,1,1,0,0,1,1,1,1,1,1,1,0,0,24,MC,Urbano,M,0,3,4,2,0
53983,0,0,1,1,0,0,0,1,1,0,0,0,0,1,1,0,0,0,0,0,0,0,1,0,0,0,1,0,0,1,0,0,0,0,0,0,0,0,0,0,0,0,0,0,0,9,MD,Urbano,M,0,1,3,1,0
54060,0,0,0,1,1,0,0,0,0,0,0,0,0,0,0,1,1,1,0,0,0,0,0,0,1,0,0,1,0,1,0,0,0,0,0,0,0,1,0,0,0,0,1,0,0,10,MD,Urbano,H,0,1,1,1,0
54577,0,1,0,1,0,1,0,1,0,0,0,0,0,1,0,1,0,0,0,0,0,1,1,0,1,0,0,0,0,1,1,0,0,1,0,0,1,0,0,0,0,1,0,1,1,16,MD,Urbano,M,0,4,2,2,0
54787,0,0,0,0,0,0,0,0,0,0,0,0,0,0,0,1,1,0,0,1,0,1,1,0,0,0,0,0,1,0,0,1,0,1,0,0,0,0,0,0,0,0,0,0,0,8,MD,Urbano,M,0,1,3,2,0
55059,1,1,1,1,1,1,1,1,0,1,0,1,1,1,1,1,0,1,1,1,1,0,1,1,1,1,0,1,0,1,0,1,0,1,1,1,1,1,0,1,1,1,1,1,1,36,MD,Urbano,H,0,3,3,1,1
55368,1,1,0,1,1,1,0,1,1,0,1,0,0,0,1,1,0,1,1,0,1,1,1,0,0,0,1,0,0,0,1,1,1,1,0,1,1,0,0,0,1,1,1,1,1,27,PS,Urbano,M,0,4,4,3,1
55436,1,0,0,1,1,0,0,0,1,1,0,1,1,0,1,1,0,0,0,1,0,0,1,0,1,0,1,0,0,0,1,1,0,1,0,0,1,1,1,1,1,1,1,1,0,24,PS,Urbano,M,0,4,4,3,1
56046,1,0,1,1,0,1,0,0,0,0,0,0,0,0,1,0,0,0,0,0,0,1,0,1,0,1,1,0,0,0,0,0,0,0,0,0,0,0,0,0,0,0,0,0,0,9,MD,Urbano,H,0,2,1,1,0
56254,1,1,0,1,1,1,0,1,1,0,0,0,1,1,1,0,0,1,1,1,0,1,1,1,1,1,1,0,0,1,1,1,1,1,0,1,1,1,0,1,1,1,0,0,0,30,MD,Urbano,M,0,2,2,2,0
56294,0,0,0,1,1,1,0,0,0,0,0,0,0,1,0,0,0,0,0,0,0,0,1,0,0,1,1,0,1,0,0,0,0,0,0,0,0,0,0,0,1,0,0,0,0,9,MD,Urbano,M,1,4,4,2,0
57246,1,1,1,1,1,1,1,1,1,0,1,0,1,0,1,1,1,1,1,1,1,1,1,1,1,0,1,1,0,1,1,0,0,1,1,1,1,1,1,1,1,1,1,0,1,37,PP,Urbano,H,0,6,6,4,1
57354,1,1,1,1,1,1,1,1,1,1,1,1,0,0,0,1,1,1,1,1,1,1,1,1,1,1,1,1,0,0,1,1,1,1,0,1,1,1,1,1,1,1,1,1,1,39,PP,Urbano,M,0,8,8,5,0
57987,1,0,1,1,1,1,1,0,1,0,1,0,1,1,0,1,1,1,1,1,1,0,1,0,0,0,1,0,0,1,1,1,1,1,0,1,1,1,1,1,1,0,1,1,1,32,MD,Urbano,H,0,2,3,1,0
58551,1,0,0,1,1,1,0,1,0,0,1,0,0,1,0,0,1,0,1,1,0,0,1,1,1,0,0,1,0,1,0,0,0,1,0,1,1,0,0,0,0,0,0,0,0,18,MD,Urbano,M,0,7,7,2,0
60260,0,1,0,0,0,0,0,1,1,0,1,1,0,1,0,0,0,1,1,0,0,0,1,0,0,0,0,0,0,1,0,1,0,0,0,0,1,0,0,0,0,0,0,0,0,12,MD,Urbano,M,0,4,3,2,1
61193,1,1,1,1,1,1,0,1,1,1,0,0,1,1,0,1,1,0,0,0,1,1,1,1,1,1,1,1,0,1,1,1,1,1,1,1,1,0,0,0,1,1,1,1,1,34,MD,Urbano,M,0,4,4,3,1
62403,1,0,1,1,0,1,0,1,1,0,0,0,1,0,0,0,1,0,0,0,0,0,0,0,0,0,1,0,0,0,0,1,1,0,0,0,1,1,0,0,1,0,0,0,0,14,PS,Urbano,H,0,4,4,3,0
63252,1,1,1,1,1,1,0,1,1,0,1,1,1,1,1,0,0,0,1,1,1,0,1,0,1,0,1,1,0,1,1,1,0,1,0,1,1,1,1,1,1,1,1,0,1,33,MD,Urbano,H,0,2,2,1,1
63455,1,1,1,1,1,1,0,0,1,0,1,0,0,1,0,0,1,0,0,0,0,0,0,0,0,1,0,0,0,0,0,1,1,1,0,1,0,0,0,0,0,1,0,0,1,17,MD,Urbano,M,0,8,6,2,0
64121,1,1,0,1,1,1,0,1,1,0,1,1,1,0,1,0,0,1,1,1,1,1,1,1,1,1,1,0,0,1,1,1,1,1,0,1,0,0,0,0,1,1,1,1,0,31,MD,Urbano,M,0,3,8,2,1
64787,1,1,0,1,1,1,0,0,1,0,0,1,0,0,1,0,1,1,0,1,0,0,0,0,0,0,0,1,1,0,0,1,1,1,0,1,0,1,0,0,0,0,0,0,0,18,MD,Urbano,M,0,4,1,2,0
64815,1,0,1,1,0,1,0,1,0,0,0,0,0,1,0,1,0,0,0,0,0,0,1,0,0,0,1,0,0,0,1,0,0,1,0,0,0,1,0,0,0,1,0,1,0,14,MD,Urbano,H,0,4,4,2,0
65261,1,0,0,0,0,1,0,0,1,0,0,1,0,1,0,0,1,1,1,0,0,1,0,0,1,0,1,0,0,0,1,0,0,1,0,0,0,0,0,1,1,0,1,0,0,16,PS,Urbano,M,0,1,1,2,1
66027,1,1,0,1,1,1,1,1,0,0,1,1,1,0,0,1,0,0,0,1,1,1,0,0,1,0,1,1,0,0,1,1,1,1,0,1,1,1,1,1,0,1,1,1,0,29,MD,Urbano,H,0,4,4,1,0
68573,0,0,0,1,1,1,0,0,1,0,0,1,1,0,0,0,1,0,0,0,0,0,1,0,0,1,0,0,0,1,0,0,0,0,0,0,0,0,0,0,1,1,1,0,0,13,MD,Urbano,M,0,4,1,2,0
68674,1,0,1,1,1,1,0,1,1,0,1,1,1,1,1,0,1,1,1,1,1,1,1,1,1,1,1,1,1,1,1,1,1,1,1,1,0,0,1,1,1,1,1,1,1,39,MD,Urbano,H,0,7,4,2,0
69649,1,1,0,1,1,1,0,0,0,0,0,1,0,1,1,0,0,1,1,1,0,0,1,0,0,0,0,1,0,1,1,0,0,1,0,0,0,0,0,1,1,0,0,0,0,18,MD,Urbano,M,0,4,2,2,0
71425,1,1,1,1,1,1,1,1,1,1,1,1,1,1,1,1,1,1,1,1,1,1,1,1,1,1,1,1,1,1,1,1,1,1,1,1,1,1,1,1,1,1,1,1,0,44,PS,Urbano,H,0,4,7,4,1
71478,1,0,1,1,1,1,0,1,1,0,0,1,1,0,1,1,1,1,1,1,1,1,1,0,1,1,1,1,1,0,1,1,1,1,1,1,1,1,1,1,1,1,1,1,1,38,PS,Urbano,H,0,4,3,2,1
71882,1,1,1,1,1,1,0,1,0,0,1,0,0,1,0,0,1,0,1,0,1,0,0,0,1,0,1,1,0,0,0,1,0,1,0,1,1,0,0,0,0,0,0,0,0,19,PS,Rural,H,1,1,1,1,1
72193,1,0,1,1,1,1,0,0,0,0,0,0,1,0,1,0,1,1,1,1,0,1,1,0,0,0,1,0,0,1,1,1,0,1,0,1,0,1,0,0,0,0,1,0,1,22,MD,Urbano,M,0,3,3,1,0
72221,1,1,1,1,1,1,0,1,1,0,0,1,1,1,1,1,1,1,1,1,1,0,1,1,1,1,1,0,1,1,1,1,1,1,0,1,1,0,1,1,0,1,1,0,1,36,MD,Urbano,H,0,4,3,1,0
72461,1,0,0,1,0,1,0,1,1,0,0,0,0,1,0,1,0,1,1,1,1,0,1,0,0,1,1,0,0,1,1,1,1,1,0,0,0,0,0,1,1,1,0,1,1,24,MD,Urbano,H,0,1,1,1,0
72881,1,1,1,0,1,1,0,1,0,0,0,0,1,1,0,0,0,1,1,1,1,0,1,0,0,0,1,0,0,0,1,1,1,1,0,0,0,0,0,0,1,0,1,0,0,20,MD,Urbano,M,0,1,1,1,0
73521,1,0,1,1,1,1,0,1,1,0,1,0,1,1,1,1,1,1,1,1,0,0,1,1,1,1,0,0,1,0,1,1,0,1,0,0,1,1,0,1,1,1,1,0,1,31,MD,Rural,H,0,1,2,1,0
74678,1,0,1,1,1,1,0,0,0,0,0,0,1,0,1,1,1,1,1,1,0,0,1,0,0,1,1,0,1,0,1,1,1,1,0,0,1,0,1,0,0,0,1,1,1,25,MD,Urbano,H,0,1,3,1,0
74687,1,0,1,1,1,1,0,1,1,0,1,1,1,0,1,0,1,1,1,1,0,0,1,1,1,1,1,0,0,1,1,1,1,1,0,0,1,1,0,0,0,1,0,1,0,29,MD,Urbano,H,0,2,2,1,0
74784,1,0,0,0,1,1,0,0,1,0,0,1,0,1,1,1,1,0,0,1,0,0,0,0,0,1,0,0,0,0,0,1,0,1,0,0,0,1,0,1,1,1,1,0,1,19,MD,Urbano,M,1,2,1,1,0
75115,1,0,0,1,1,1,0,1,1,1,0,0,0,0,1,0,1,1,0,1,1,0,1,0,0,1,1,0,1,1,1,1,0,1,1,1,1,0,1,1,0,1,1,0,0,27,MD,Urbano,M,0,1,1,1,0
76394,0,0,0,1,1,1,0,0,1,0,0,0,0,0,0,1,0,0,0,1,1,1,1,0,0,0,1,0,1,0,1,0,1,0,0,0,0,1,0,0,0,1,0,0,0,15,MD,Urbano,H,0,1,1,2,0
77024,1,0,1,1,1,1,0,0,0,0,0,1,1,1,1,1,0,1,1,0,1,1,0,0,0,0,0,0,0,1,1,0,0,1,0,1,1,1,0,0,0,1,1,1,1,24,MD,Urbano,H,1,1,1,1,0
77679,1,1,0,1,0,1,1,0,0,0,0,0,0,0,0,0,0,1,0,0,0,1,1,0,1,0,1,0,1,0,1,1,1,1,0,0,1,1,0,0,1,1,0,0,1,20,PS,Urbano,H,0,2,2,2,0
77748,0,0,0,0,0,0,0,0,0,1,0,1,0,1,0,0,0,0,0,0,0,0,0,0,0,0,0,0,0,0,1,0,0,1,0,0,0,0,1,0,1,0,0,0,0,7,PS,Urbano,M,0,3,2,1,0
77929,1,1,1,1,1,1,0,0,0,1,1,0,0,0,1,0,0,1,1,0,1,0,1,0,0,1,1,0,0,0,1,1,1,1,0,0,0,1,0,1,0,0,1,0,0,22,PS,Urbano,H,0,8,4,2,0
78311,1,0,1,1,0,0,0,1,1,0,0,0,0,0,0,0,0,1,0,1,1,0,0,0,0,0,1,0,0,0,0,1,0,0,0,0,1,0,1,0,0,1,1,0,1,15,PS,Rural,H,0,1,1,1,0
78353,0,0,1,1,1,1,0,1,1,0,0,0,0,0,0,1,0,1,1,1,1,1,1,0,0,0,1,0,0,1,0,1,1,1,1,0,1,1,0,0,1,1,1,1,0,25,PP,Urbano,M,0,7,7,5,0
78947,0,0,0,1,0,0,0,0,1,0,0,0,1,1,0,1,0,0,1,0,0,1,1,0,0,0,0,0,0,0,0,0,1,0,0,0,0,0,0,1,0,1,1,0,0,12,MD,Urbano,M,0,3,1,1,1
79112,1,0,0,1,1,1,1,1,1,0,0,0,0,0,0,0,1,1,1,0,0,0,0,0,0,0,0,1,0,0,0,0,0,1,0,0,0,0,1,0,0,1,0,0,0,14,MD,Urbano,H,0,2,1,1,0
82282,0,1,0,1,1,1,1,1,1,0,0,0,0,0,0,0,0,1,1,1,1,1,1,0,0,0,0,0,1,0,1,1,1,1,1,0,1,0,1,0,1,1,1,0,0,24,MD,Urbano,M,0,4,3,3,1
82363,1,0,1,0,1,1,0,1,0,0,0,1,0,0,1,0,1,1,1,0,0,0,1,0,1,0,0,0,0,1,1,1,0,1,0,1,0,0,1,0,0,1,1,0,1,21,MD,Urbano,M,0,4,4,3,1
82508,1,0,0,1,0,1,0,1,1,0,0,1,1,1,0,0,0,1,1,1,0,0,0,0,1,0,1,1,0,0,1,1,1,1,0,0,1,0,0,0,1,1,0,0,0,21,MD,Urbano,M,0,8,6,3,1
82559,1,1,1,1,1,1,1,1,1,1,0,1,1,1,1,0,1,1,1,1,0,1,1,1,1,1,1,0,0,1,1,1,1,1,0,1,0,0,1,1,0,1,1,1,1,36,MD,Urbano,M,0,6,4,3,1
82640,0,0,0,1,0,0,0,0,0,0,1,1,0,0,0,0,0,0,1,0,0,1,0,1,0,0,0,1,0,0,1,0,0,0,0,1,0,0,0,0,0,0,0,0,0,9,MD,Urbano,M,0,4,4,3,1
82950,1,0,0,1,1,1,1,1,1,0,0,1,0,1,0,1,1,0,0,0,0,0,1,0,1,1,0,0,0,0,1,0,0,1,0,0,1,1,0,0,0,0,0,1,0,19,MD,Urbano,M,0,4,5,3,1
83017,1,0,0,1,1,1,0,1,1,1,1,0,1,1,1,0,1,1,1,0,1,1,1,0,1,0,0,0,0,1,1,1,1,1,0,0,1,0,1,0,1,1,1,1,0,29,MD,Urbano,M,0,3,2,3,1
83551,1,1,0,1,1,1,0,1,1,1,0,0,0,1,0,1,1,1,1,1,1,0,1,1,1,1,1,1,0,1,1,1,1,1,1,1,1,0,1,1,1,1,1,0,1,35,MD,Urbano,H,0,1,1,3,1
83977,1,0,0,1,1,1,1,1,0,0,1,0,0,0,0,0,0,0,0,1,0,0,1,0,0,1,0,0,0,1,1,1,1,1,0,0,0,0,0,0,1,0,1,0,1,18,MD,Urbano,M,0,4,4,2,0
84120,0,0,0,1,0,1,1,0,0,0,0,0,0,1,0,0,1,0,0,1,0,1,0,0,0,0,0,0,0,0,0,1,1,1,0,0,0,0,1,0,1,0,0,1,0,13,MD,Urbano,M,0,3,3,2,0
84242,1,0,0,1,1,1,1,0,0,0,1,0,0,0,0,1,0,0,1,0,0,0,0,1,0,0,0,0,0,0,0,0,0,0,0,0,0,0,0,0,1,0,0,0,1,11,MD,Urbano,M,0,2,1,2,0
85744,1,0,0,1,1,1,1,1,1,1,1,0,1,1,0,0,1,1,1,1,1,1,1,0,1,1,1,1,1,1,1,1,1,1,0,1,1,1,0,1,1,1,1,1,1,37,MD,Urbano,M,0,8,4,3,1
85919,1,1,0,1,1,1,0,0,1,0,0,1,0,0,0,0,1,1,0,1,0,0,0,0,1,0,0,1,1,0,0,0,0,0,0,0,0,0,0,0,0,0,1,0,1,15,MD,Urbano,H,0,3,3,3,0
86095,0,0,0,1,1,1,1,1,1,0,0,0,1,1,0,1,0,0,0,0,0,0,1,0,0,0,1,1,0,0,0,0,0,1,0,0,0,0,0,0,1,0,0,1,1,16,MD,Urbano,H,0,1,4,3,0
86288,1,1,1,1,1,1,1,1,1,0,1,0,1,1,1,1,0,1,1,1,1,1,1,1,1,1,1,0,0,0,1,1,0,1,1,1,1,0,0,0,1,1,1,1,1,35,PS,Urbano,M,0,6,6,4,1
86838,1,1,1,1,1,1,1,1,1,1,1,1,1,1,1,1,0,1,1,1,1,1,1,1,1,1,1,0,0,0,1,1,1,1,0,1,1,1,1,1,1,1,1,1,1,40,PS,Urbano,H,0,8,6,4,1
87209,1,1,1,1,1,1,0,1,1,0,1,0,1,0,1,1,1,1,1,1,1,1,1,0,1,1,1,1,0,0,1,1,1,1,0,1,1,1,0,1,1,1,1,1,1,36,PS,Urbano,M,0,4,3,2,1
87324,1,0,0,1,1,1,1,0,0,0,0,0,0,0,0,0,0,0,0,1,1,0,0,1,0,1,0,1,0,0,1,1,0,1,0,0,1,0,0,0,1,0,1,0,1,17,PP,Urbano,H,0,5,8,4,1
88200,1,1,0,0,0,1,0,1,1,0,1,1,0,0,0,1,0,1,1,1,0,0,0,0,0,0,0,1,0,0,0,0,0,0,1,0,0,0,0,0,0,0,0,1,1,15,MD,Urbano,M,0,2,4,3,0
89541,1,0,1,1,1,0,0,1,1,0,0,0,0,0,1,0,1,1,1,0,0,0,1,1,1,0,1,0,0,1,1,1,0,1,0,0,1,0,0,0,0,0,0,0,1,20,MD,Urbano,M,0,3,3,2,0
89739,0,1,0,1,1,1,0,0,1,0,1,1,0,0,1,1,0,1,1,1,0,0,1,0,0,0,1,0,0,0,0,1,0,1,0,0,1,1,0,0,0,0,1,1,1,21,MD,Urbano,M,0,4,4,2,0
90198,1,0,0,0,1,1,0,1,0,1,0,0,0,0,1,1,1,1,1,0,1,0,1,0,0,0,1,0,0,0,1,1,1,1,0,0,0,0,0,0,0,1,1,0,1,20,MD,Urbano,H,0,3,2,2,1
90720,1,1,1,1,1,1,0,1,1,0,1,1,1,1,1,1,1,1,1,1,1,1,1,1,1,1,1,1,0,1,1,1,1,1,0,1,1,1,1,1,1,1,1,1,1,41,PS,Urbano,M,0,4,4,3,1
90738,1,0,1,1,1,0,0,1,0,0,0,1,1,0,1,0,0,1,1,1,1,0,1,1,0,0,0,0,0,0,1,1,0,1,0,1,0,1,0,0,1,1,1,1,0,23,PS,Urbano,M,0,3,4,3,1
90982,1,0,0,1,1,0,0,0,0,0,1,0,0,1,0,1,1,1,0,0,0,1,0,0,1,0,1,1,0,0,0,1,1,0,0,0,1,0,0,0,1,0,1,0,0,17,MD,Urbano,M,0,3,3,2,1
92308,1,0,0,0,0,1,0,0,0,0,1,0,0,1,0,1,1,0,1,0,0,0,0,0,0,0,0,0,0,0,1,0,1,0,0,0,0,0,1,0,0,0,0,0,1,11,MD,Urbano,M,0,2,2,1,0
92339,0,1,1,1,1,1,0,0,0,0,0,1,0,0,0,0,0,1,1,0,0,1,1,1,0,1,1,1,0,0,0,0,1,1,0,1,0,1,1,0,1,1,0,0,0,21,MD,Urbano,H,0,4,3,1,0
93511,1,0,1,1,1,1,1,1,0,1,1,1,1,1,0,1,0,1,1,1,1,1,1,1,0,1,1,1,0,1,0,1,1,1,0,1,1,1,1,1,1,1,1,1,1,37,MD,Urbano,H,0,2,2,2,1
93783,1,1,0,1,1,1,0,0,1,0,0,1,1,0,1,0,1,1,1,0,1,0,1,1,0,0,1,0,0,1,1,1,1,1,0,1,1,1,1,1,1,1,1,1,1,31,MD,Urbano,M,0,4,3,2,0
94255,1,0,0,1,1,1,1,1,1,0,1,0,0,0,0,0,0,1,0,0,1,1,1,0,0,0,0,0,1,0,0,0,0,0,0,0,1,0,0,1,0,0,1,0,1,17,MD,Urbano,M,1,1,1,2,0
94558,1,1,0,1,1,1,1,0,0,0,1,1,1,0,1,0,0,0,0,0,0,0,1,0,0,0,1,1,0,0,0,0,0,0,0,0,1,0,0,1,0,0,1,0,0,16,MD,Urbano,H,0,3,3,2,1
94619,1,1,0,0,1,1,0,0,0,0,0,1,0,0,0,1,0,1,1,1,0,0,1,0,0,0,0,1,0,1,0,1,0,1,0,0,0,1,1,1,0,0,1,1,1,20,MD,Urbano,H,0,2,4,2,1
94744,1,1,1,1,1,1,0,0,1,1,0,1,1,0,0,1,1,1,1,0,1,0,1,0,1,1,0,1,0,0,0,1,1,1,0,1,0,1,0,0,0,0,1,0,0,25,MD,Urbano,H,0,4,3,1,1
95302,1,0,1,1,1,1,0,1,1,0,0,1,0,0,0,0,0,1,1,0,0,0,0,1,1,1,1,0,0,0,1,0,0,1,1,0,1,0,1,0,1,0,1,0,0,21,MD,Urbano,M,0,4,1,2,1
95677,1,0,0,1,1,1,0,0,0,1,0,1,0,1,0,0,0,0,0,0,0,0,0,0,0,0,0,0,0,0,0,0,0,0,0,0,0,1,0,0,0,1,0,0,0,9,MD,Urbano,H,0,2,2,2,1
96425,1,0,0,1,1,0,0,0,1,1,1,0,0,1,0,0,0,0,1,0,1,0,1,0,1,0,1,0,0,0,1,0,0,1,0,0,1,0,0,0,1,0,1,0,0,17,PS,Urbano,M,0,2,2,1,0
96741,1,0,0,1,1,1,0,1,0,0,0,0,0,1,1,0,1,1,0,1,1,1,1,0,1,1,0,0,0,1,1,1,1,1,0,1,0,0,0,0,1,1,1,0,0,24,PS,Urbano,M,0,8,4,3,1
97799,1,0,0,1,1,1,0,0,1,0,1,1,1,1,1,1,1,1,1,1,1,0,1,0,1,1,1,1,0,0,1,1,0,1,0,1,1,1,0,1,1,1,1,1,0,32,MD,Urbano,M,0,6,3,1,0
103560,1,0,0,1,0,1,0,0,1,1,0,0,1,0,0,1,1,1,1,1,1,0,1,0,1,0,1,0,1,0,1,1,1,1,0,0,1,0,0,0,0,0,1,0,1,23,PS,Urbano,H,0,6,7,2,0
103774,1,1,0,1,1,1,1,0,0,0,1,0,1,0,1,0,0,1,1,1,0,0,1,0,0,0,1,0,0,1,1,1,0,1,0,1,1,0,0,0,0,0,1,0,0,21,PS,Urbano,H,0,3,2,2,0
103818,1,0,0,1,1,0,0,0,0,0,1,0,0,0,1,0,1,0,0,0,0,1,0,1,0,0,0,1,0,1,1,0,0,0,0,0,0,0,1,1,0,0,0,0,0,13,PS,Urbano,M,0,1,2,2,0
104341,0,1,0,0,1,1,1,0,1,0,0,1,0,0,1,0,0,0,1,1,0,0,1,0,1,1,0,0,0,1,1,1,0,1,0,0,0,0,0,1,0,0,1,0,0,18,PS,Urbano,M,0,2,4,2,1
104498,0,0,0,0,1,1,0,0,1,0,1,1,0,1,0,1,1,1,1,1,1,0,0,0,0,0,1,1,0,1,0,0,1,1,0,0,1,1,0,0,0,0,1,0,1,21,PS,Urbano,H,0,1,1,2,1
105086,1,0,0,1,1,1,0,1,1,0,0,1,0,1,0,0,1,1,1,1,1,0,1,0,1,0,1,0,0,0,0,0,0,0,1,1,0,0,0,0,1,0,0,0,0,19,PS,Urbano,H,0,4,4,4,1
105346,0,1,1,0,0,0,1,1,1,0,0,0,1,0,0,0,1,0,1,1,0,0,0,1,0,0,0,1,1,0,0,1,0,0,0,0,1,0,0,0,1,0,0,1,0,16,PS,Urbano,M,0,8,4,3,0
106164,1,1,0,1,1,1,1,1,1,1,1,1,0,0,1,1,1,1,0,0,0,1,1,0,1,1,1,1,0,0,0,1,0,1,0,0,1,0,0,1,0,1,1,0,1,28,MD,Urbano,M,0,3,2,2,0
106981,1,1,0,1,1,1,0,0,1,0,1,1,1,1,1,1,0,1,1,1,1,0,1,1,1,1,1,0,0,1,1,1,0,1,0,1,1,1,1,1,0,1,1,1,1,34,MD,Urbano,M,0,2,1,1,0
107477,0,0,1,1,0,1,0,0,0,0,0,0,1,0,1,0,0,1,0,1,1,0,1,1,0,1,0,0,0,0,1,1,1,1,0,0,0,0,0,0,0,1,1,0,1,18,MD,Urbano,M,0,1,1,2,1
108208,1,0,1,1,1,1,1,0,0,0,1,1,0,0,1,0,1,1,1,1,0,0,1,1,1,0,1,0,0,1,1,1,1,1,0,0,0,1,1,0,0,0,1,0,0,25,PS,Urbano,H,0,1,1,1,0
108558,1,0,1,1,1,1,1,1,1,1,0,0,1,1,1,1,1,1,1,1,1,0,1,0,0,0,1,0,0,1,1,1,0,1,0,1,1,1,1,1,1,1,1,1,1,34,MD,Urbano,M,0,4,2,2,1
108814,0,0,0,1,0,0,0,0,0,0,0,1,1,1,0,0,1,0,1,0,0,0,0,1,0,0,1,0,0,0,0,0,1,1,0,0,0,0,0,0,1,0,0,0,0,11,PS,Urbano,H,0,1,2,1,1
108962,0,1,0,1,1,0,0,1,1,0,0,0,0,1,0,0,0,1,1,0,1,0,1,0,0,0,1,0,0,0,1,0,0,1,0,0,1,0,0,0,1,1,1,1,1,19,PS,Urbano,M,0,1,2,1,1
110279,1,0,0,1,0,1,0,0,1,0,1,1,0,1,0,0,0,1,0,0,0,0,0,0,0,0,0,0,0,0,0,0,0,0,1,1,0,0,0,0,0,1,0,0,0,11,MD,Urbano,H,0,4,4,1,0
112796,1,0,0,1,1,1,0,1,0,0,1,1,0,0,1,0,1,1,1,0,1,1,1,0,0,1,1,0,0,0,1,1,1,1,1,1,1,0,1,1,1,1,1,1,1,30,PS,Urbano,M,0,6,5,3,1
113424,1,1,1,1,1,0,0,0,0,0,0,1,1,0,0,1,1,1,1,0,1,1,0,0,1,0,1,0,0,0,1,0,0,1,0,0,0,0,0,1,0,1,1,1,1,22,MD,Urbano,H,0,3,4,1,0
114157,1,0,0,0,1,0,0,0,0,0,0,1,0,0,0,0,0,1,0,1,0,0,1,0,1,0,0,0,0,0,1,0,1,0,0,0,0,1,0,1,0,0,0,0,0,11,MD,Urbano,M,1,1,1,1,0
114888,1,0,0,1,0,0,0,1,0,1,0,1,1,1,0,0,0,1,0,0,0,1,0,0,0,0,0,0,0,1,0,1,0,1,0,1,0,1,0,0,1,1,0,1,0,17,MD,Urbano,H,0,1,3,1,0
115029,1,0,0,0,1,1,0,0,1,0,0,0,0,0,1,0,0,1,1,1,0,0,1,0,0,0,1,0,0,0,1,1,1,1,0,0,0,0,0,0,0,0,1,0,0,15,MD,Urbano,H,1,2,3,2,0
115203,0,0,0,0,0,1,0,0,1,0,0,0,1,1,0,0,0,0,0,1,0,0,0,0,1,0,1,1,0,0,0,0,1,0,0,0,0,1,0,0,1,0,0,0,1,12,MD,Urbano,H,1,2,2,2,0
115640,1,1,0,1,1,1,0,0,0,0,1,1,0,0,0,0,0,0,0,1,0,0,0,1,0,0,1,0,0,0,0,0,1,0,0,0,0,0,0,1,0,0,1,0,0,13,MD,Urbano,H,0,2,2,1,0
116751,1,1,1,1,1,1,0,1,0,0,1,1,1,0,0,0,1,1,1,1,1,0,1,1,1,0,1,0,1,1,1,1,1,1,0,1,1,0,0,1,0,1,1,0,1,31,MD,Urbano,M,0,3,3,2,0
117343,1,0,0,1,0,0,1,0,0,0,1,1,0,1,0,0,1,1,0,0,0,0,1,0,0,0,1,0,0,0,0,1,1,0,0,0,0,0,0,0,1,0,0,0,0,13,PS,Urbano,H,0,1,1,1,0
117531,1,1,1,1,1,1,1,1,1,1,1,1,1,1,1,1,0,1,1,1,1,1,1,1,1,1,0,0,0,1,1,1,1,1,0,1,1,0,1,1,1,1,1,1,1,39,PS,Urbano,H,0,6,7,4,1
117716,1,1,0,1,1,1,0,0,0,0,1,0,1,1,1,0,1,1,1,1,1,0,1,1,1,0,1,0,0,1,1,1,0,1,0,1,1,1,0,1,1,1,1,1,0,30,PP,Urbano,H,0,6,8,5,0
118192,0,0,1,1,1,1,0,0,1,0,0,1,1,0,0,0,0,0,0,0,0,0,1,1,0,0,1,0,0,0,1,0,0,1,0,1,1,1,0,0,0,0,0,0,0,15,MD,Urbano,M,0,1,1,1,0
119123,1,0,0,1,0,0,0,0,0,1,1,0,0,0,1,0,0,1,0,1,0,0,0,1,1,0,0,1,1,0,0,0,1,0,0,0,1,0,0,0,0,1,0,0,0,14,MD,Urbano,M,0,7,4,3,1
119648,1,1,1,1,1,1,0,1,1,0,1,1,1,1,1,1,1,1,1,1,1,1,1,1,1,0,1,1,1,1,1,1,1,1,0,1,1,1,0,1,1,1,1,1,1,40,PS,Urbano,H,0,8,8,2,1
120326,1,0,0,1,1,1,1,1,0,0,0,1,1,1,0,0,0,1,0,0,0,0,1,0,1,1,1,0,0,0,1,1,0,1,0,0,0,0,0,1,1,0,1,0,1,21,PS,Urbano,H,0,7,3,4,0
120556,0,0,1,1,1,1,0,0,1,0,0,1,0,0,0,0,1,1,1,0,1,1,0,0,0,0,1,0,0,0,0,0,0,0,1,0,0,0,0,0,1,0,0,0,0,14,MD,Urbano,M,0,1,1,2,0
120586,1,1,1,1,1,1,0,1,0,0,1,1,0,0,0,0,0,1,1,1,0,0,1,0,1,1,0,1,1,0,1,1,1,1,0,0,0,0,0,0,0,0,1,1,0,23,MD,Urbano,H,0,3,2,2,0
120640,1,0,1,1,1,1,0,0,0,0,0,0,1,0,0,0,0,1,1,1,0,0,0,0,0,0,1,0,0,0,1,1,1,1,0,1,0,0,0,1,0,0,1,0,0,17,MD,Urbano,H,0,1,2,2,0
120754,1,1,1,1,1,1,0,1,1,0,0,0,0,1,1,0,1,1,1,1,1,1,1,1,0,0,0,0,0,0,1,1,0,1,0,1,1,0,1,1,1,1,1,1,0,29,PP,Urbano,H,0,8,8,5,1
120968,1,1,1,1,1,1,1,1,1,0,1,0,0,1,1,0,1,1,1,1,1,0,1,0,0,0,1,1,1,0,1,1,1,1,1,0,1,1,1,1,1,1,1,1,1,35,PS,Urbano,H,0,4,3,3,1
121558,1,0,1,1,1,0,1,1,0,0,0,0,0,1,0,1,0,1,0,0,1,1,1,0,0,1,0,1,0,0,1,1,0,0,1,0,1,1,1,1,0,0,0,0,0,21,MD,Urbano,M,0,3,4,1,0
121933,1,1,0,1,1,1,0,1,0,0,0,1,1,0,0,0,1,1,1,1,1,0,1,1,1,1,1,0,0,0,1,1,1,1,0,1,1,1,1,1,1,1,1,1,1,32,PS,Urbano,M,0,4,2,2,0
122875,1,0,1,1,1,1,0,0,0,0,1,0,0,0,0,1,0,1,0,0,1,0,1,1,1,0,1,0,0,0,0,0,1,1,0,1,0,1,1,0,0,1,1,0,1,21,MC,Urbano,M,0,4,6,3,1
122907,1,1,0,1,1,1,1,0,0,0,0,1,0,1,0,0,1,0,1,1,1,0,0,1,1,0,0,0,0,0,0,1,1,1,0,1,0,0,1,0,1,1,0,0,1,22,MC,Urbano,M,0,1,1,3,1
123389,1,0,1,1,1,1,0,1,0,0,0,0,0,0,0,0,0,0,1,0,0,0,1,0,0,0,0,0,0,0,0,1,0,1,0,1,1,0,0,1,1,0,0,0,1,15,PS,Urbano,H,0,1,1,1,1
123959,1,0,0,1,0,0,0,1,0,1,0,1,0,0,0,0,0,1,0,0,0,0,1,0,1,0,0,0,0,1,1,0,0,1,0,0,0,0,0,0,1,0,0,0,0,12,MC,Urbano,M,0,1,1,1,0
124151,0,0,0,1,1,0,0,0,1,0,0,0,1,0,0,0,1,0,0,0,1,0,1,0,0,0,0,0,0,0,0,0,0,1,0,1,0,0,0,0,0,0,0,0,1,10,MC,Urbano,H,0,1,2,1,1
125534,1,1,1,1,1,0,0,1,0,0,0,1,1,0,1,0,0,1,1,1,0,0,1,1,1,0,0,0,0,0,1,1,1,1,0,1,1,1,0,1,1,1,1,0,1,27,MC,Urbano,H,0,4,7,2,1
126268,1,0,0,0,1,1,0,0,1,0,1,0,0,0,0,0,1,1,1,0,0,0,0,1,0,0,0,0,0,0,0,0,1,1,0,0,0,0,0,0,0,1,0,0,1,13,MC,Urbano,M,0,3,2,2,0
126419,1,0,0,1,1,1,0,0,1,0,0,0,1,0,0,1,1,0,0,0,0,0,1,1,1,0,0,1,0,0,0,1,0,1,0,0,1,0,0,0,1,1,1,1,1,20,PS,Urbano,H,0,1,1,3,1
126431,1,0,1,1,1,1,0,0,0,0,1,1,0,0,1,0,0,0,0,1,0,0,1,0,0,0,1,1,0,0,1,0,1,1,0,1,1,0,0,0,0,0,1,0,1,19,PS,Urbano,H,0,4,4,3,1
126535,1,1,1,1,1,1,1,0,0,0,0,0,0,0,1,0,0,1,1,0,1,0,1,0,1,0,1,0,0,0,1,1,0,1,0,0,1,1,0,0,1,1,1,1,1,24,PS,Urbano,M,0,4,4,3,1
126618,1,1,0,0,0,1,0,1,1,0,1,0,0,0,1,0,0,0,0,1,1,0,1,0,1,0,0,0,0,0,1,1,1,1,0,0,0,1,0,0,0,1,1,1,0,19,PP,Urbano,M,0,6,6,5,1
126740,0,1,0,1,0,1,0,0,1,1,0,0,0,0,0,1,0,0,0,0,1,0,0,0,0,1,0,0,0,1,1,1,0,1,0,0,0,1,0,0,1,0,1,0,0,15,MD,Urbano,H,0,6,4,2,0
127359,1,0,1,1,1,1,1,1,1,1,1,1,1,1,1,1,1,1,1,1,1,1,1,1,1,1,1,1,1,1,1,1,1,1,1,1,1,1,1,1,1,1,1,1,1,44,MD,Urbano,H,0,4,4,4,1
127473,1,1,1,1,1,1,0,0,0,1,1,1,1,1,1,1,1,1,1,1,1,0,1,0,1,1,0,0,0,1,1,1,1,1,0,1,1,0,1,1,1,1,1,1,1,35,MD,Urbano,H,0,6,6,4,1
127654,1,1,1,1,1,1,1,1,1,0,1,1,1,1,1,0,1,1,1,1,1,1,1,1,1,1,1,0,0,0,1,1,0,1,1,1,1,0,1,1,1,1,1,1,0,37,MD,Urbano,M,0,4,4,4,1
127966,1,1,1,1,1,1,1,1,1,0,1,1,1,1,1,1,1,1,1,1,1,1,1,1,1,0,1,1,0,1,1,1,0,1,1,1,0,1,1,1,1,1,1,0,1,39,MD,Urbano,M,0,4,2,4,1
129221,1,1,1,1,1,1,0,0,0,1,1,0,1,1,1,1,0,0,1,1,1,0,1,0,0,0,1,1,0,0,1,1,1,1,0,1,1,1,0,1,1,1,1,1,1,31,MD,Urbano,H,0,6,4,3,1
129320,1,1,1,1,1,1,0,1,1,0,1,1,1,1,1,1,1,1,1,1,1,1,1,1,1,0,1,1,1,1,1,1,1,1,1,1,0,1,0,1,1,1,1,1,0,39,MD,Urbano,H,0,4,5,3,1
129491,1,0,1,1,1,1,1,1,0,0,0,0,0,1,0,1,1,1,1,1,1,1,1,0,1,1,1,1,0,0,0,1,1,1,1,1,1,0,0,1,0,1,1,1,1,31,MD,Urbano,H,0,5,4,3,1
132227,1,1,1,1,1,0,0,0,0,0,1,0,0,0,1,0,0,1,1,0,0,0,0,0,0,1,1,0,0,0,1,1,1,0,0,0,0,1,0,0,0,1,0,0,0,16,MD,Urbano,M,0,7,6,3,1
133874,1,1,1,1,1,1,0,1,1,1,1,1,0,0,1,0,0,1,1,1,1,0,1,0,0,1,1,0,0,0,0,0,0,1,1,0,1,0,0,0,1,0,0,0,0,23,MD,Urbano,H,0,1,1,2,0
134281,1,0,0,1,1,1,1,1,1,0,0,0,0,0,0,0,0,0,0,0,1,0,1,1,1,0,1,0,0,0,1,0,1,0,0,0,1,0,0,0,1,1,0,0,0,17,MD,Urbano,M,0,3,4,3,0
134408,0,0,0,0,0,0,0,0,0,0,0,0,0,1,0,0,0,0,1,1,0,1,1,0,0,0,1,0,0,0,0,0,0,1,1,0,0,0,0,0,0,0,0,1,1,10,MD,Urbano,H,0,3,4,3,0
135966,1,0,0,1,1,1,1,0,0,0,0,0,0,1,0,0,0,1,1,0,0,0,0,1,1,0,0,0,0,0,0,1,0,1,0,0,1,0,0,0,0,0,0,0,0,13,PS,Urbano,M,0,1,1,2,0
138213,1,1,1,1,1,1,0,1,0,0,0,0,0,1,0,1,0,1,1,1,0,0,1,1,1,1,0,0,0,0,1,1,1,1,0,1,1,0,0,1,1,1,0,1,0,26,PS,Urbano,M,0,2,1,3,0
139211,0,1,1,1,0,0,0,0,0,1,1,0,1,1,1,1,1,1,1,1,1,0,1,1,1,0,1,1,0,1,1,1,1,1,0,1,1,1,1,0,0,1,0,1,1,31,PS,Urbano,H,0,3,7,3,0
139994,1,1,0,1,1,1,1,1,1,0,0,0,1,1,0,1,0,1,1,1,1,1,1,0,1,0,1,0,1,0,1,1,1,1,1,1,0,0,0,0,1,1,1,1,0,30,PS,Urbano,M,1,4,8,3,1
140853,1,1,1,1,1,1,1,1,1,1,1,0,1,1,1,1,0,1,1,1,1,1,1,1,1,1,1,1,1,1,1,1,1,1,1,1,1,1,1,1,1,1,1,0,1,42,PP,Urbano,H,0,8,8,5,1
140957,1,1,1,1,1,1,0,1,1,0,0,0,1,1,1,1,1,1,1,1,0,0,1,1,1,0,1,1,0,0,1,1,1,1,1,1,1,1,1,1,1,1,1,1,1,36,PP,Urbano,M,0,6,4,5,1
141284,0,1,0,1,1,1,0,1,1,1,1,1,1,1,0,0,1,1,1,1,1,1,1,0,1,1,1,0,0,1,1,1,0,1,1,1,1,1,0,1,1,1,1,1,1,35,PS,Urbano,H,0,6,4,4,1
141362,1,1,0,1,0,1,0,1,1,1,1,0,1,1,1,1,0,1,1,1,1,1,0,1,1,1,1,1,0,1,0,1,0,1,1,1,1,1,0,1,1,1,1,1,1,35,PS,Urbano,M,0,8,4,4,1
141541,1,1,1,1,1,1,0,1,0,0,0,0,0,0,1,0,1,1,1,0,1,0,1,1,0,0,0,0,0,0,1,1,0,1,0,1,1,1,1,1,1,1,1,1,0,26,PP,Urbano,M,0,6,6,4,1
141543,1,0,1,1,1,1,1,0,0,0,0,0,1,0,0,0,0,1,1,1,0,0,0,1,0,0,0,0,0,0,1,1,1,1,0,0,0,0,0,0,1,1,1,1,0,19,PP,Urbano,M,0,3,3,4,1
141630,1,1,1,1,1,1,1,1,0,1,1,1,1,1,1,1,1,1,1,1,1,1,1,1,1,1,1,1,1,1,1,1,1,1,1,1,0,1,1,1,0,1,1,1,1,42,PP,Urbano,H,0,4,4,5,1
141754,1,1,1,1,1,1,0,1,1,1,1,1,1,1,1,1,1,1,1,1,1,0,1,1,1,1,1,1,1,1,0,1,1,1,1,1,1,1,1,1,1,1,1,1,0,41,PP,Urbano,H,0,4,4,5,1
142153,0,0,0,0,0,0,0,1,0,0,0,0,1,0,0,0,1,1,0,0,1,0,1,0,0,0,0,0,0,0,0,0,0,1,0,0,1,0,1,0,0,1,0,0,0,10,PS,Urbano,H,0,4,4,3,1
142202,1,0,0,0,1,1,0,0,0,0,0,0,1,0,0,0,0,0,0,0,0,0,1,1,0,0,0,0,0,0,0,1,0,0,0,1,0,0,0,0,0,1,0,0,1,10,PS,Urbano,M,0,5,3,3,1
143735,1,0,1,1,1,1,0,1,1,0,1,1,1,1,1,0,0,1,0,1,0,0,1,0,0,1,1,0,1,0,0,1,0,1,0,0,0,0,0,1,1,1,1,0,1,25,MC,Urbano,H,0,4,5,3,0
145156,1,1,1,1,1,1,0,1,1,0,1,0,0,1,1,1,1,1,1,0,1,1,1,0,1,1,1,0,1,1,1,1,1,1,0,1,1,1,1,1,1,1,1,1,0,36,PP,Urbano,M,0,6,8,5,1
145183,1,1,0,1,1,1,1,1,1,0,0,0,1,1,1,1,1,1,1,1,1,1,1,0,1,1,0,1,0,0,1,1,1,1,0,1,1,1,0,1,0,1,1,1,1,34,PP,Urbano,M,0,6,6,5,1
145258,1,1,1,1,1,1,1,1,1,0,1,1,1,1,1,1,1,1,1,1,1,1,1,0,1,1,1,1,0,1,1,1,1,1,1,1,1,1,1,1,1,1,1,1,1,42,PP,Urbano,M,0,6,8,5,1
146373,1,1,1,1,1,1,1,1,1,1,1,1,1,1,1,1,1,1,1,1,1,1,1,1,1,1,1,1,0,1,1,1,1,1,1,1,1,1,1,1,1,1,1,1,1,44,PP,Urbano,M,0,8,5,5,1
146462,1,1,1,1,1,1,0,1,1,0,1,0,1,1,1,1,1,1,1,1,1,1,1,0,1,0,1,0,1,0,1,1,1,1,1,1,0,1,1,1,1,1,1,1,0,36,PP,Urbano,M,0,3,4,5,1
147006,1,1,1,1,1,1,1,1,1,0,1,0,1,0,0,1,0,1,1,1,1,1,1,0,1,1,1,1,0,1,1,1,1,1,1,1,1,1,0,1,1,1,1,1,1,37,MC,Urbano,M,0,6,6,3,1
147305,1,1,1,1,1,1,1,1,1,1,1,1,1,1,1,1,1,1,1,1,1,1,1,1,1,1,1,1,1,1,1,1,1,1,0,1,1,1,1,1,1,1,1,1,0,43,MC,Urbano,M,0,4,7,3,1
148022,1,1,1,1,1,1,1,1,1,1,1,0,1,1,0,1,0,1,1,1,1,0,1,1,1,1,1,0,0,0,1,1,1,1,1,1,1,1,0,1,1,1,1,1,1,37,MC,Urbano,H,0,8,8,4,1
148491,1,1,1,1,1,1,1,1,1,1,1,1,1,1,1,1,1,1,1,1,1,0,1,1,1,1,1,1,0,1,1,1,1,1,1,1,1,1,1,1,0,1,1,1,1,42,MC,Urbano,M,0,8,8,3,1
148677,1,1,0,1,0,1,0,1,1,0,1,1,0,0,0,1,0,0,0,0,0,0,1,0,0,0,1,0,0,0,0,1,1,1,0,1,0,1,1,0,0,0,0,0,0,17,PS,Urbano,M,0,4,8,3,0
148735,1,0,0,0,1,1,0,1,1,0,1,1,0,1,0,0,1,1,1,1,0,0,1,0,0,0,1,0,0,0,1,0,1,1,0,0,1,0,0,0,0,1,0,1,0,20,PS,Urbano,M,0,3,3,3,0
148965,1,0,0,1,0,1,0,1,1,0,0,0,0,0,1,0,0,1,1,0,1,0,1,0,0,0,0,0,0,0,1,0,1,0,0,0,0,1,0,0,0,0,1,0,0,14,PS,Urbano,M,0,6,4,3,0
149622,1,0,1,1,1,1,0,1,1,0,1,1,1,1,0,1,1,1,1,1,1,0,1,1,1,1,0,1,1,1,1,1,1,1,0,1,1,1,0,1,1,1,1,1,1,37,PP,Urbano,M,0,8,8,5,1
149644,1,1,0,1,1,1,0,1,1,0,0,0,1,1,1,1,1,1,1,1,1,1,1,1,1,1,1,0,0,0,1,1,1,1,1,1,0,1,1,1,1,1,1,1,0,35,PP,Urbano,M,0,6,8,5,1
150042,1,1,0,0,1,1,0,0,0,0,0,1,0,0,1,0,0,1,1,0,1,0,1,0,1,0,0,0,0,1,1,1,0,1,0,1,1,1,0,0,1,1,1,1,0,22,PP,Urbano,M,0,6,8,5,1
150324,1,1,0,1,1,1,0,1,1,0,1,0,1,1,1,1,0,1,1,1,1,0,1,1,1,1,1,0,0,1,1,1,0,1,0,1,1,1,0,1,1,1,1,1,0,33,PP,Urbano,H,0,8,8,5,1
150773,0,0,0,1,1,1,1,0,0,0,1,1,0,1,0,1,0,1,1,0,0,1,0,0,0,0,1,1,0,1,0,0,0,0,0,0,1,0,0,0,0,1,0,1,0,17,MC,Urbano,H,0,4,3,2,1
151266,1,0,1,1,1,1,0,1,1,0,1,0,0,0,1,0,0,1,1,1,0,1,1,0,1,0,1,1,0,0,0,0,1,1,1,0,0,1,1,1,0,1,0,1,0,25,PP,Urbano,M,0,3,3,5,0
151282,1,1,1,1,0,1,0,0,0,1,0,1,1,1,0,1,1,0,1,0,1,1,1,0,0,0,1,0,0,1,1,1,1,1,1,1,1,1,0,0,1,0,1,1,0,28,PP,Urbano,M,0,6,8,5,0
151534,1,1,1,1,1,1,0,1,0,1,1,0,0,0,0,1,1,1,1,1,0,1,1,1,1,0,1,1,0,0,1,1,1,1,1,1,0,1,1,1,1,1,1,1,0,33,PP,Urbano,M,0,8,8,5,1
151706,1,1,1,1,1,1,1,1,1,0,1,1,1,0,1,1,0,1,1,0,1,0,1,0,0,1,1,1,1,1,1,1,1,1,1,1,1,1,1,1,1,1,1,1,1,38,PP,Urbano,H,0,4,8,5,1
153825,1,0,0,1,1,1,0,1,0,1,1,0,0,0,0,0,0,1,1,1,0,1,1,0,1,1,0,0,0,1,0,1,0,1,0,0,1,0,1,0,1,1,1,1,0,23,MC,Urbano,M,0,3,3,3,1
154850,1,1,1,1,0,0,1,1,0,0,0,1,0,0,0,0,1,0,1,1,0,0,1,1,1,1,1,0,0,0,1,0,1,0,0,0,0,1,0,0,0,0,0,0,1,19,MC,Urbano,M,0,2,4,1,0
154926,0,0,0,1,1,0,0,0,0,0,0,1,1,1,0,0,0,1,1,0,1,0,1,0,1,0,1,0,1,0,0,0,0,0,1,0,1,0,0,1,1,0,0,0,1,17,MC,Urbano,M,0,1,1,1,0
154940,1,0,1,0,0,1,0,0,0,1,1,0,0,0,0,0,1,1,1,0,0,0,1,0,0,0,0,0,0,0,0,1,1,1,0,0,0,0,0,0,0,0,0,0,0,12,MC,Urbano,M,0,3,3,1,0
155574,1,0,0,1,1,1,0,1,1,1,1,0,1,1,1,1,1,1,1,1,1,0,1,1,1,1,1,1,0,1,1,1,0,1,1,1,1,1,1,1,1,1,0,1,1,37,PS,Urbano,M,0,3,1,3,0
157540,1,1,0,1,1,1,0,1,1,0,0,1,0,1,1,1,1,1,1,1,1,1,1,1,1,1,1,1,0,1,1,1,0,1,1,1,1,1,1,1,1,1,1,1,0,37,PP,Urbano,M,0,6,8,5,1
157791,1,1,1,1,1,1,0,1,1,0,1,1,0,1,0,0,0,1,1,0,0,1,1,0,1,1,1,1,0,1,1,1,1,1,1,1,1,0,0,1,1,1,1,1,0,32,PP,Urbano,M,0,7,7,5,1
158091,1,1,1,1,1,1,1,1,1,1,1,1,1,1,1,1,0,1,1,1,1,1,1,1,1,1,1,1,1,1,1,1,1,1,1,1,1,1,1,1,1,1,1,1,1,44,PP,Urbano,M,0,8,6,5,1
158485,1,0,0,1,1,1,1,1,0,0,0,0,1,0,0,1,1,1,1,0,1,0,1,1,0,0,1,0,1,0,1,0,1,1,0,0,0,1,0,1,0,0,1,1,1,24,MC,Urbano,M,0,6,4,3,1
159202,1,0,0,0,1,0,0,1,0,0,0,0,0,0,0,0,0,0,0,0,1,0,1,0,0,0,0,0,1,0,1,0,1,1,0,0,0,0,0,0,0,0,0,0,0,9,MC,Urbano,H,0,6,1,2,0
159583,1,1,1,1,1,1,0,1,1,0,1,1,1,1,1,1,1,1,1,0,1,0,1,1,1,1,1,1,1,1,1,1,1,1,0,1,1,1,1,1,1,1,1,1,1,40,PS,Urbano,H,0,4,8,4,1
160345,1,1,0,1,1,1,0,1,1,1,1,1,0,0,1,0,1,1,1,0,1,1,1,0,0,0,1,1,0,1,1,1,1,1,0,1,1,1,1,1,1,1,1,1,0,33,PS,Urbano,M,0,6,8,4,0
160359,1,1,1,1,1,1,0,1,1,1,1,1,1,1,1,1,0,1,1,1,1,0,1,1,1,0,1,1,1,1,1,1,1,1,1,1,1,1,0,1,1,1,1,0,0,38,PS,Urbano,M,0,8,8,4,0
160439,1,1,0,1,1,1,0,1,1,0,1,1,1,0,1,1,1,1,1,1,1,0,1,1,1,1,1,0,0,1,1,1,1,1,1,1,1,1,0,0,0,1,1,0,0,33,PS,Urbano,H,0,6,4,4,0
160534,1,0,1,1,1,1,0,1,0,1,1,0,0,1,0,1,0,1,1,1,1,1,1,0,0,0,1,0,0,0,0,0,1,0,0,0,0,0,0,1,1,1,1,1,0,23,PS,Urbano,H,1,6,5,3,0
161380,1,1,1,1,1,1,1,1,1,0,1,1,1,1,1,0,1,1,1,1,1,1,1,1,1,0,1,0,0,1,1,1,1,1,0,1,1,1,1,1,1,0,1,1,0,37,PP,Urbano,H,0,4,3,4,1
163575,0,0,0,1,1,0,0,0,0,0,0,0,0,1,0,0,0,1,0,0,0,0,1,0,0,0,0,0,0,0,0,0,1,0,0,0,1,0,0,1,1,0,1,0,1,11,PS,Urbano,H,0,3,2,2,0
164868,1,1,0,1,1,1,0,1,0,1,1,1,1,0,1,1,0,1,0,1,1,0,1,0,1,0,0,1,0,1,1,1,0,1,0,1,1,0,0,1,1,1,1,1,1,30,PS,Urbano,M,0,3,3,3,1
164915,1,1,1,1,1,1,1,1,1,0,1,1,1,1,1,1,0,1,1,1,1,1,1,1,1,0,1,1,0,1,1,1,1,1,1,1,1,1,1,1,1,1,1,1,1,41,PS,Urbano,H,0,6,6,3,1
165133,1,1,0,1,1,1,0,1,0,0,1,1,1,0,0,1,1,1,1,0,1,1,1,1,1,0,0,0,1,0,1,1,1,1,0,1,1,0,0,0,1,1,1,0,1,29,PS,Urbano,M,0,6,6,4,1
166465,1,1,1,1,1,1,0,1,1,1,1,1,1,1,1,1,0,1,1,1,1,0,1,1,0,0,1,1,0,1,1,1,1,1,0,1,0,0,1,1,1,1,1,1,1,36,PS,Urbano,H,0,4,1,2,0
166735,1,0,0,1,1,1,0,1,0,1,1,1,0,0,1,1,0,1,1,1,0,0,1,0,1,1,0,1,0,0,1,1,0,0,0,1,1,0,1,0,0,0,1,0,0,23,PS,Urbano,H,0,2,2,2,1
166830,1,0,0,0,1,1,0,0,0,0,0,0,1,0,0,0,0,1,0,0,1,0,0,1,0,1,0,1,0,1,0,0,1,0,0,1,0,0,0,0,0,1,1,0,1,15,PS,Urbano,H,1,3,2,2,1
166868,1,1,1,1,1,1,0,1,0,0,1,1,1,1,1,1,1,1,1,1,1,1,1,1,1,1,1,1,1,1,1,1,1,1,1,1,1,1,1,1,0,1,1,1,1,41,PS,Urbano,M,0,4,3,2,1
167796,1,1,1,1,1,1,0,1,1,0,1,0,1,1,1,1,1,1,1,1,1,1,1,1,1,1,1,1,0,0,1,1,0,1,1,1,0,1,0,1,0,1,1,1,1,36,MD,Urbano,H,0,4,4,2,1
169228,1,1,1,1,1,1,1,1,1,1,1,1,1,1,1,1,1,1,1,1,1,0,1,1,1,1,1,1,1,1,1,1,1,1,1,1,1,0,1,1,1,1,1,1,1,43,PS,Urbano,H,0,8,8,4,1
170684,0,1,0,0,1,0,0,1,1,0,0,1,1,0,0,0,0,1,1,0,1,0,0,0,1,0,1,0,0,0,1,1,0,1,0,0,1,0,1,0,1,0,0,1,0,18,PS,Urbano,M,0,3,1,2,0
171388,1,1,0,1,1,0,1,0,1,1,0,0,0,1,0,0,0,0,1,0,0,0,0,0,1,0,0,1,0,0,0,0,0,0,0,1,0,1,0,0,0,1,0,0,1,15,PS,Urbano,H,0,3,3,3,0
171678,0,0,1,1,1,1,0,0,0,0,1,0,1,0,0,0,0,1,1,1,0,0,1,1,1,0,1,0,0,0,1,1,0,1,0,1,1,1,0,1,0,0,0,0,0,20,PS,Urbano,H,0,1,1,2,0
172050,1,1,1,1,1,1,0,0,0,0,1,1,1,1,0,0,0,1,1,0,1,0,0,0,0,0,1,0,1,0,1,1,0,1,0,0,0,0,0,0,0,0,0,0,1,19,PS,Urbano,M,0,3,3,2,1
174889,1,1,1,1,1,1,0,1,1,0,1,1,1,1,1,1,0,1,1,1,0,0,0,1,1,1,1,1,1,1,1,1,1,1,0,1,1,1,1,1,1,1,1,1,1,38,PS,Urbano,M,0,4,2,4,1
175006,1,0,1,1,0,0,0,0,0,0,0,0,0,0,0,0,0,1,1,0,0,0,1,0,0,1,1,0,1,0,0,0,0,0,0,0,0,0,0,0,0,0,0,1,0,10,PS,Urbano,M,0,1,1,3,0
175568,1,0,0,1,1,1,0,1,0,0,0,1,1,1,1,0,0,1,1,1,1,1,1,0,1,1,1,0,0,0,1,1,0,1,0,1,0,0,0,1,1,1,1,1,1,28,PS,Urbano,M,0,1,1,3,1
175791,1,0,1,1,1,0,0,1,1,1,1,1,1,1,1,1,1,1,1,1,1,1,1,1,1,1,1,0,1,1,1,1,1,1,0,1,1,1,1,1,1,1,1,1,1,40,PS,Urbano,M,0,6,6,3,1
176110,1,0,1,1,0,0,1,0,0,0,1,0,0,0,1,0,0,1,1,0,0,0,0,0,0,0,0,0,0,0,1,1,0,1,1,0,1,0,1,0,0,1,0,1,0,16,PS,Urbano,H,0,3,2,2,0
176293,1,0,0,0,1,1,0,0,0,0,1,0,1,1,0,0,0,1,1,1,1,0,0,0,1,0,1,0,0,0,1,1,1,1,0,0,0,1,0,0,0,0,1,0,0,18,PS,Urbano,H,1,2,1,2,0
176300,1,0,0,0,0,1,1,1,0,1,0,0,0,0,0,1,0,0,0,0,1,0,0,0,0,0,0,1,0,0,0,1,1,0,0,1,0,1,0,0,0,0,0,0,0,12,PS,Urbano,H,0,3,3,3,1
176978,1,1,1,1,1,1,1,1,1,1,0,1,1,1,0,1,1,1,1,1,1,0,1,0,1,0,1,0,1,1,1,1,0,1,1,1,1,1,1,1,1,1,1,1,1,38,PS,Urbano,H,0,4,2,3,1
177153,1,0,0,1,1,1,0,1,1,0,1,1,0,0,1,1,1,1,1,1,0,0,1,0,1,1,1,0,0,0,1,1,1,1,0,1,1,1,1,1,1,1,1,1,1,32,PS,Urbano,H,0,4,4,3,1
177278,1,1,0,1,1,1,0,1,1,0,1,1,1,1,1,1,1,1,1,1,1,1,1,1,1,0,1,1,0,0,1,1,1,1,1,1,1,0,1,1,1,1,1,1,0,37,PS,Urbano,H,0,1,4,3,1
179060,0,0,0,0,0,0,0,0,0,1,0,0,0,1,0,1,1,1,0,0,1,0,1,1,0,0,1,0,0,0,1,1,0,1,0,0,0,0,0,0,0,0,1,0,1,14,MC,Urbano,M,0,1,1,2,0
179199,0,0,1,1,1,1,0,1,1,1,0,0,0,0,0,1,0,1,1,1,0,1,0,0,1,0,1,0,0,0,1,1,0,1,0,0,1,1,0,1,1,1,1,1,0,24,PS,Urbano,H,0,6,6,3,1
182711,1,0,1,1,0,1,0,0,0,0,0,0,1,0,1,0,1,1,1,0,0,0,1,0,1,0,1,0,1,0,0,0,0,1,0,0,0,0,0,1,0,0,0,0,1,16,MD,Urbano,M,0,1,1,1,0
184951,1,1,0,1,1,1,0,1,0,0,0,0,1,1,0,1,0,1,0,0,1,0,1,1,1,0,0,1,0,0,1,1,1,0,0,1,0,0,0,0,1,0,0,1,1,22,MC,Urbano,M,0,1,2,1,1
185368,1,1,1,0,1,1,0,0,1,0,0,0,0,0,0,0,0,0,0,1,0,0,1,0,1,0,0,0,0,0,0,1,0,0,0,1,1,0,1,0,1,0,0,0,0,14,MC,Rural,H,0,4,3,1,1
185829,1,0,1,1,1,1,0,1,1,0,0,0,1,0,1,0,0,1,1,1,1,0,1,0,1,1,1,0,0,0,1,0,0,0,0,1,0,1,0,1,1,1,1,0,1,25,MC,Urbano,M,0,6,8,2,0
186475,1,1,0,1,0,0,0,0,0,0,1,0,0,0,0,0,0,1,0,0,0,1,0,0,0,1,0,1,0,0,0,0,0,0,0,0,0,0,0,0,0,0,0,0,0,8,MC,Urbano,H,0,2,6,2,1
187112,1,0,1,0,1,1,0,0,0,0,0,0,0,0,1,0,0,1,1,1,1,0,1,0,0,0,0,0,0,1,1,1,1,1,0,0,1,0,1,0,0,0,0,1,1,19,PS,Urbano,H,0,2,4,3,0
187352,1,1,1,1,1,1,0,1,1,0,0,1,0,0,0,0,1,1,1,0,1,0,1,0,0,0,1,0,1,0,1,1,0,1,0,1,1,0,1,1,0,1,1,0,0,25,PS,Urbano,H,0,4,4,3,0
187815,1,1,0,1,1,1,0,1,0,1,0,1,1,1,1,0,0,1,1,1,1,1,0,0,1,1,1,0,0,0,1,1,0,1,0,1,1,1,0,1,1,1,1,1,1,31,PS,Urbano,H,0,4,3,2,1
188046,0,1,0,1,1,1,1,1,0,0,1,0,0,0,0,1,0,1,1,0,1,1,1,0,1,0,0,0,0,0,1,1,0,1,0,0,0,0,1,0,1,1,1,0,0,21,PS,Rural,M,0,3,4,3,1
188272,0,1,1,0,1,1,0,0,1,0,1,1,1,0,0,0,1,1,1,0,1,0,1,0,0,0,0,0,0,1,1,1,0,1,0,0,1,0,0,0,0,1,0,0,0,19,PS,Urbano,M,0,4,3,2,0
189161,1,0,0,1,1,1,0,1,0,0,0,0,0,1,1,1,1,1,1,0,0,0,0,0,0,0,0,1,0,0,0,0,0,1,0,0,0,0,0,1,0,0,1,0,0,15,MC,Urbano,H,0,4,3,2,0
189254,0,0,0,0,0,1,0,0,1,1,0,0,0,0,1,0,0,0,0,1,0,0,0,0,1,0,1,0,0,1,0,1,0,1,0,0,1,0,0,0,1,1,0,1,0,14,MC,Urbano,M,1,3,3,2,0
190267,1,0,0,1,1,1,1,0,0,0,1,1,0,0,0,0,1,1,1,1,0,0,1,0,0,1,1,1,0,0,1,1,1,1,0,0,0,1,0,1,0,1,1,0,1,24,MD,Urbano,H,0,1,2,1,0
190628,1,1,0,1,1,0,1,1,0,1,0,0,0,1,0,0,1,1,1,0,0,0,1,0,1,1,0,0,0,0,1,1,1,0,0,1,1,0,0,0,1,0,0,0,0,20,PS,Urbano,H,0,6,8,3,1
191111,1,1,0,1,1,1,0,1,1,0,1,1,0,0,1,1,1,1,1,1,1,0,1,0,1,0,1,0,0,0,1,1,1,1,1,1,1,1,1,1,1,1,1,1,1,34,PS,Urbano,H,0,4,4,3,0
191242,1,0,0,1,0,1,0,1,0,0,0,1,0,0,0,1,1,1,0,1,1,0,1,0,0,0,0,0,0,0,1,0,0,1,0,1,1,0,0,1,1,0,1,0,1,19,PS,Urbano,H,0,2,2,3,1
191250,1,0,1,1,1,0,0,1,0,1,0,0,0,0,1,1,0,1,0,0,1,0,1,0,0,0,0,0,0,1,0,1,1,1,1,1,0,0,0,0,0,0,0,1,0,18,PS,Urbano,H,1,4,4,3,1
191729,1,0,1,1,1,1,0,1,1,1,1,1,1,1,1,0,0,1,0,0,1,0,1,1,1,0,1,1,0,1,1,1,1,1,0,1,1,0,0,0,0,1,1,1,1,31,MC,Urbano,H,0,3,1,2,0
193261,1,1,1,1,0,1,0,0,0,0,1,0,0,0,0,1,1,1,1,1,0,1,1,0,1,1,1,1,1,1,1,1,0,1,0,1,0,1,0,1,0,0,1,0,0,26,MC,Urbano,H,0,3,1,2,1
194327,0,1,0,1,1,1,0,1,0,0,1,1,0,0,1,0,0,0,1,0,0,1,1,1,0,0,0,0,0,0,1,1,0,1,0,1,1,0,0,0,1,1,1,0,0,20,PS,Urbano,M,0,2,3,2,1
194850,1,0,1,0,1,0,0,0,0,0,0,1,0,0,0,0,1,1,1,0,0,0,1,0,0,1,1,0,0,0,1,1,0,1,0,0,1,0,1,1,0,1,1,0,1,19,PS,Rural,H,0,3,3,2,1
195073,1,0,0,1,1,1,1,0,0,0,1,1,1,1,0,1,0,1,1,0,0,0,1,0,0,0,0,0,0,0,1,1,0,1,0,0,1,1,0,0,0,0,1,0,1,20,MC,Urbano,M,0,2,1,1,0
195321,1,0,0,1,1,0,1,0,0,1,1,0,0,0,0,0,1,0,0,1,0,0,1,0,0,0,0,0,0,0,0,1,0,1,0,1,0,0,0,0,1,0,0,0,0,13,MC,Urbano,H,0,1,1,1,1
197129,1,1,0,1,1,1,0,0,1,1,1,1,1,0,1,1,0,1,1,1,1,1,1,0,1,1,0,0,0,0,1,1,0,1,1,1,0,1,0,1,1,1,1,1,1,32,PP,Urbano,M,0,8,8,5,1
197203,0,1,0,0,0,1,0,0,0,1,0,0,0,0,0,1,0,0,1,0,0,0,0,0,0,0,1,1,0,0,1,1,0,0,0,1,0,0,0,0,0,0,1,0,0,11,MD,Urbano,M,1,1,4,2,0
197484,1,1,1,1,1,1,1,1,1,0,1,1,1,0,1,1,0,1,1,1,1,1,1,1,1,0,1,1,1,0,1,1,0,1,1,1,1,1,1,1,0,1,1,1,1,38,PS,Urbano,H,0,4,4,4,1
199083,1,1,0,1,1,1,0,0,1,0,1,0,0,0,1,1,1,1,1,1,1,0,1,0,0,0,0,1,0,0,1,1,1,1,0,0,0,0,0,1,1,1,1,1,1,26,PS,Urbano,M,0,2,6,2,0
200694,1,0,1,1,1,0,0,1,1,0,0,0,0,1,1,1,0,1,0,1,1,1,0,1,1,0,0,0,0,0,0,1,1,1,0,1,0,0,0,0,0,1,0,0,1,21,MD,Urbano,H,0,2,1,1,0
201193,1,0,1,1,0,1,0,1,1,0,0,0,1,1,0,0,0,0,1,1,0,0,1,0,1,0,0,0,0,0,0,0,1,0,0,0,0,0,0,0,1,0,0,0,0,14,PS,Urbano,H,0,1,1,1,0
201538,1,1,1,1,1,1,0,1,1,0,0,1,1,1,1,0,0,1,1,1,1,1,1,0,1,0,1,1,1,1,1,1,1,1,0,1,1,1,1,1,1,1,1,1,1,37,PS,Urbano,H,0,3,3,2,1
201587,1,1,1,1,1,1,1,1,1,1,1,1,1,0,1,1,0,1,1,1,1,1,1,0,1,0,1,1,1,1,1,1,1,1,0,1,1,1,1,1,1,1,1,1,1,40,PS,Urbano,H,0,5,5,2,1
202951,1,1,1,1,1,1,0,1,1,1,1,0,0,0,1,1,0,1,1,1,1,1,1,0,1,0,1,0,0,1,1,1,1,1,1,1,1,0,0,1,1,1,1,0,1,33,PS,Urbano,H,0,4,5,3,1
203053,0,0,1,0,0,0,0,0,0,0,0,0,1,0,0,0,0,1,0,0,0,0,0,0,0,0,1,0,0,0,0,1,0,0,0,0,1,0,0,0,0,0,0,0,0,6,PS,Urbano,M,1,4,8,3,1
203535,1,1,0,1,1,1,1,0,1,0,0,1,0,0,1,1,1,1,0,0,0,0,0,0,0,0,0,0,0,1,0,1,0,1,0,0,1,1,0,1,0,1,1,1,0,21,MC,Urbano,H,0,3,1,1,1
204438,1,0,0,0,0,0,0,0,0,0,0,1,0,0,0,0,0,0,0,1,0,0,0,0,0,1,0,0,0,1,0,1,0,1,0,0,1,0,1,0,1,1,0,0,0,11,PS,Urbano,H,1,1,4,2,0
205174,1,1,0,1,1,1,1,1,1,1,1,1,1,1,1,1,1,1,1,1,1,1,1,1,1,1,1,1,1,1,1,1,1,1,1,1,1,1,1,1,1,1,1,1,1,44,PP,Urbano,H,0,8,8,5,1
205213,0,0,0,1,1,1,1,0,1,1,0,1,0,0,0,1,1,1,1,1,1,1,1,0,1,0,1,1,0,0,1,1,0,1,1,1,0,1,1,0,1,1,1,0,1,29,PP,Urbano,H,0,4,8,5,1
205684,1,1,1,1,1,1,0,1,1,0,1,0,1,1,1,1,1,1,1,1,1,1,1,1,1,1,1,1,0,1,1,1,1,1,1,1,1,1,0,1,1,1,1,1,1,40,PS,Urbano,M,0,6,4,3,1
205819,1,0,0,1,1,1,1,0,0,0,0,0,1,0,0,0,0,1,0,1,1,0,1,0,0,1,0,0,0,0,0,1,0,1,1,0,0,0,0,0,0,1,0,0,0,15,PS,Urbano,M,0,1,3,2,0
206029,0,0,0,1,1,0,0,0,0,0,0,0,1,1,0,0,1,1,0,0,0,0,0,0,0,0,0,1,0,0,0,1,0,0,0,0,0,1,0,1,0,0,0,0,0,10,PS,Urbano,H,0,1,3,1,1
206613,1,0,1,1,0,0,1,0,0,0,1,0,0,0,0,0,1,0,1,0,1,0,1,0,0,1,1,0,0,0,0,0,0,0,0,1,0,1,0,1,0,0,0,0,0,14,PS,Urbano,H,0,3,3,1,0
207752,1,1,1,1,1,1,0,1,1,0,1,1,1,0,0,1,1,1,1,1,1,0,1,0,0,0,0,0,0,1,1,1,0,1,0,1,1,1,1,1,1,1,1,1,1,32,PS,Urbano,H,0,1,1,3,1
208618,1,1,1,1,1,1,0,1,1,1,1,1,1,1,1,1,1,1,1,1,1,1,1,1,1,1,1,1,0,1,1,1,1,1,1,1,1,1,1,1,1,1,1,1,1,43,PP,Urbano,H,0,6,8,4,1
208644,1,1,1,1,1,1,0,0,1,0,0,0,1,1,1,0,1,1,1,1,1,1,1,0,1,0,0,0,0,1,1,1,1,1,1,1,1,1,0,1,1,1,1,0,1,32,PS,Urbano,M,1,3,2,2,0
208658,1,0,0,1,1,1,0,0,1,0,1,0,1,1,1,1,0,1,0,1,1,0,1,0,1,1,0,1,0,0,1,1,1,1,0,1,0,1,0,1,1,1,1,1,1,29,PS,Urbano,H,0,2,1,2,0
208723,0,0,1,1,1,1,0,1,0,0,0,0,0,1,0,1,0,1,0,0,1,0,0,0,1,0,0,0,0,0,1,1,0,1,0,1,0,1,1,0,1,1,0,1,0,19,PS,Urbano,H,0,2,3,2,0
209670,1,0,0,1,1,1,0,1,0,0,1,0,1,0,1,0,1,0,0,1,0,0,0,0,0,0,1,0,0,0,1,1,1,0,0,1,0,1,0,1,0,1,1,1,1,21,PS,Urbano,H,1,1,4,2,1
209896,1,0,1,1,0,1,0,0,0,0,0,1,0,1,0,0,0,1,1,0,0,1,1,1,0,1,1,0,0,0,0,0,0,1,0,0,0,0,0,0,0,0,1,0,0,15,PS,Urbano,M,1,1,1,2,0
209975,0,0,0,0,0,0,0,0,0,0,0,1,0,0,0,0,1,1,1,0,1,0,1,0,0,0,0,0,0,0,0,1,0,1,0,0,0,0,1,0,0,0,1,0,0,10,PS,Urbano,H,0,3,7,2,0
210228,1,0,1,1,1,1,1,1,1,0,0,1,1,0,1,1,0,0,1,1,0,0,1,0,0,1,1,0,0,1,1,1,0,1,0,1,0,1,0,1,0,1,1,0,0,26,PP,Urbano,H,0,7,8,5,1
211033,0,1,0,1,0,1,0,0,0,0,0,0,1,0,0,0,0,0,0,0,0,0,1,0,1,0,0,0,0,0,0,0,1,0,0,0,0,0,1,0,0,1,1,0,0,10,PS,Urbano,H,0,4,4,3,1
211455,1,1,0,1,1,1,0,0,1,0,0,0,0,0,1,1,1,0,1,0,0,0,1,0,0,0,0,0,0,0,1,1,1,1,0,0,0,0,0,0,0,0,1,0,1,17,PS,Urbano,M,1,3,1,2,0
211483,1,0,0,0,0,1,0,1,1,0,0,0,0,1,0,0,0,1,1,0,0,1,0,0,1,1,0,0,0,0,0,0,1,0,1,0,0,0,0,0,1,0,1,0,0,14,PS,Urbano,H,0,2,1,2,0
211604,1,1,1,1,0,1,1,1,0,1,1,0,1,0,0,1,0,1,1,1,1,0,1,1,0,0,1,0,1,1,1,1,1,1,0,1,1,1,1,1,1,1,1,1,1,34,PS,Urbano,H,0,6,4,4,0
211864,1,0,1,1,1,0,0,1,1,0,1,0,0,0,0,0,0,0,1,1,0,1,1,0,0,0,1,0,0,0,1,0,1,1,0,0,1,1,0,0,1,0,0,0,0,18,PS,Urbano,H,0,3,2,2,0
211924,1,1,0,1,1,1,0,1,1,0,0,1,0,1,1,1,0,0,1,1,0,0,1,0,1,1,1,0,0,1,1,1,1,1,0,1,1,0,1,1,1,1,1,1,0,30,PS,Urbano,H,0,3,4,2,0
212077,1,0,1,0,1,0,0,0,0,0,0,1,0,1,1,0,0,0,0,0,0,0,1,0,1,1,1,0,0,0,0,1,1,0,1,0,0,1,0,0,0,0,1,0,1,16,MD,Urbano,H,0,2,2,2,1
212203,1,0,1,1,1,1,1,0,0,0,0,0,0,1,0,0,1,0,0,0,0,0,1,0,0,0,0,1,0,0,1,1,0,0,0,0,0,0,0,0,0,1,0,0,0,13,MD,Urbano,H,0,1,1,2,1
212249,1,0,0,1,1,1,0,0,0,0,1,0,0,1,1,1,0,1,1,1,0,1,1,0,1,0,1,0,0,1,1,1,1,1,0,0,1,0,1,1,0,1,1,0,1,26,MD,Urbano,H,0,3,3,2,1
212522,0,0,0,1,1,1,1,0,0,0,0,1,0,0,0,1,0,1,1,1,0,0,0,1,0,1,0,0,0,0,0,0,0,1,0,0,1,0,0,0,0,0,1,0,1,15,PS,Urbano,H,0,6,6,3,1
212750,1,0,1,1,1,1,1,1,0,0,1,0,0,0,0,0,0,0,1,0,0,0,0,1,0,0,0,0,0,0,0,0,0,0,0,0,0,0,0,0,0,1,1,1,0,13,PS,Urbano,M,0,8,6,4,0
212793,1,0,0,1,0,1,0,1,0,0,1,0,1,1,0,0,0,1,1,0,0,1,1,0,1,0,1,0,0,0,1,0,1,1,1,0,0,1,0,0,0,1,0,1,0,20,PS,Urbano,H,0,3,4,4,0
212839,1,0,0,0,1,0,0,0,0,0,0,0,0,0,0,0,0,1,0,0,0,0,0,0,1,0,0,1,0,1,0,0,1,1,0,0,0,0,0,0,1,1,0,0,1,11,PS,Urbano,H,0,4,4,4,0
213390,0,0,0,1,0,1,0,0,0,0,0,1,0,1,0,0,1,0,0,0,0,0,0,0,1,0,0,0,0,0,1,1,0,1,0,0,0,0,1,0,1,0,0,0,1,12,PS,Rural,M,0,3,3,2,0
215049,1,0,0,1,0,1,1,1,1,0,1,1,0,0,1,0,1,1,1,1,1,0,0,0,1,1,1,1,0,0,0,1,0,0,0,0,0,0,0,0,0,0,0,0,1,20,MC,Urbano,M,0,3,4,2,0
215787,1,0,0,1,1,1,0,1,0,0,0,1,0,0,0,1,1,1,1,0,1,0,1,1,1,1,0,0,0,1,1,1,1,1,0,0,0,0,0,0,1,1,1,1,0,24,PS,Urbano,M,0,8,8,4,0
216525,1,0,0,1,1,1,0,0,0,0,0,1,0,0,0,0,0,1,0,1,1,0,1,1,0,1,0,0,0,0,0,1,1,1,0,0,0,0,0,0,0,0,1,0,0,15,PS,Urbano,H,0,2,4,3,0
217753,0,0,1,1,1,0,0,1,0,1,0,1,1,1,1,1,1,1,1,1,1,0,1,0,0,0,0,1,0,0,1,1,1,1,0,1,0,0,1,1,1,1,1,0,1,28,MD,Rural,H,0,2,2,1,0
218336,0,0,0,0,0,0,0,0,1,1,0,0,0,1,0,0,1,0,0,1,0,1,0,0,0,1,0,1,1,1,0,1,0,0,0,0,0,0,0,0,0,0,0,0,1,12,PS,Urbano,M,1,2,1,1,1
218499,1,1,0,1,1,1,0,1,0,0,1,1,0,0,0,0,1,1,1,0,0,0,1,0,0,0,0,1,0,1,0,1,0,1,0,1,1,0,0,1,1,1,1,1,0,23,PS,Urbano,H,0,6,6,4,1
218588,1,1,1,1,1,1,0,1,1,0,0,0,1,1,1,0,1,1,1,1,1,1,1,1,1,1,1,1,0,1,1,1,1,1,1,1,1,1,1,1,1,1,1,1,1,39,PS,Urbano,H,0,4,4,3,0
219336,1,1,1,1,1,1,1,1,1,0,0,0,0,1,1,1,0,1,1,0,1,1,1,1,1,0,1,0,0,0,1,1,0,1,0,1,1,1,1,1,1,1,1,0,1,32,MD,Urbano,M,0,3,3,2,1
220632,1,1,1,1,1,1,0,1,1,0,0,1,1,1,0,1,0,1,1,0,0,1,1,1,1,1,1,1,0,1,1,1,1,1,1,1,1,1,0,0,1,1,1,1,1,35,PP,Urbano,M,0,8,8,5,1
220725,1,1,0,0,1,1,1,1,0,0,0,1,0,0,0,0,1,1,1,0,1,0,1,0,1,0,0,1,0,0,0,0,1,1,0,1,0,0,0,0,0,0,0,0,0,17,PS,Urbano,H,0,2,2,3,1
220860,1,1,1,1,1,1,1,1,0,1,1,1,1,0,1,0,1,1,1,1,1,0,1,0,1,1,1,0,1,0,1,1,0,1,0,1,1,1,0,1,1,1,0,1,1,34,PS,Urbano,M,0,6,4,3,0
220926,1,1,0,0,1,1,1,1,0,0,0,0,0,0,0,0,0,1,1,1,0,0,1,0,0,0,0,0,0,1,1,1,1,1,0,1,1,0,0,0,1,0,1,0,1,20,PS,Urbano,H,0,3,7,3,0
221811,1,1,1,1,1,1,0,1,1,0,1,0,1,0,1,0,1,1,1,1,1,1,1,1,1,0,1,0,1,0,1,1,1,1,1,1,0,1,1,1,1,1,1,1,1,36,PP,Urbano,H,0,4,7,4,1
222085,0,0,0,0,0,0,1,1,0,0,1,0,0,1,0,0,0,1,1,1,0,0,0,0,0,1,0,1,1,0,0,0,0,1,1,0,0,0,0,0,1,0,0,0,0,13,MD,Urbano,H,1,3,1,2,0
223452,1,1,1,1,1,1,1,1,0,0,0,1,1,1,1,0,1,0,1,1,1,1,1,0,1,0,1,1,0,1,0,1,1,1,0,1,1,1,0,0,0,1,1,0,0,30,PS,Urbano,M,0,8,8,4,1
225125,1,1,0,1,1,0,1,1,1,0,0,0,1,1,1,0,1,1,1,1,0,0,1,0,1,0,1,0,1,1,1,1,1,1,0,1,1,1,0,0,1,1,1,0,1,30,PP,Urbano,H,0,6,5,4,1
225411,1,1,0,0,1,1,0,0,1,0,1,0,0,1,1,0,0,1,1,1,1,0,0,0,1,0,1,0,0,0,1,1,1,1,0,1,0,0,0,1,0,0,0,0,0,20,MC,Rural,H,0,2,3,1,1
225449,1,1,0,1,0,1,0,1,0,0,1,1,0,0,1,0,0,0,0,0,0,0,1,0,1,1,1,1,0,0,1,1,1,1,0,0,0,0,0,0,0,1,0,0,0,18,PS,Urbano,M,0,3,3,2,1
228164,1,1,0,1,0,1,0,1,0,0,1,1,0,0,0,1,0,1,0,0,1,1,1,1,1,1,1,1,0,1,1,1,1,1,1,1,0,1,1,0,1,1,1,1,1,31,PS,Urbano,H,0,3,2,2,0
228303,0,0,0,0,0,0,1,1,0,0,0,0,0,0,0,1,0,0,0,0,1,1,0,0,0,0,0,0,0,0,0,0,0,0,1,0,0,0,0,0,1,0,0,0,0,7,PS,Rural,H,0,1,1,1,0
228571,0,1,0,1,0,1,0,1,1,0,0,1,0,1,0,1,0,1,1,0,1,1,1,0,0,0,0,0,0,0,1,1,1,1,1,1,0,1,0,1,0,1,1,1,0,24,PS,Urbano,M,0,4,4,2,1
228971,0,0,0,0,0,0,0,0,0,0,1,1,0,0,0,0,0,0,0,0,0,0,1,0,0,0,0,0,0,0,1,0,0,1,0,0,1,0,0,0,0,0,0,0,0,6,PS,Urbano,M,1,2,3,2,0
229225,1,1,1,1,1,1,0,1,1,0,1,0,1,1,1,0,0,1,1,1,1,1,1,1,1,1,1,0,1,0,0,1,1,1,1,1,1,1,1,1,1,1,1,1,1,37,PS,Urbano,M,0,4,4,2,1
230342,0,0,0,1,0,1,0,0,0,0,0,0,0,0,0,1,0,0,1,1,0,0,0,0,0,1,0,1,1,1,0,1,0,0,0,1,0,0,0,1,0,0,0,0,0,12,PS,Urbano,H,0,2,1,2,0
231342,1,1,1,1,0,1,1,1,0,1,0,0,0,0,0,0,0,1,1,0,1,0,1,0,0,1,0,0,1,0,1,1,1,1,1,1,1,1,1,0,1,1,1,1,0,27,PS,Urbano,H,0,1,2,1,1
231556,1,0,0,0,1,1,0,0,0,0,0,0,0,1,0,1,0,0,1,1,0,0,0,0,0,1,0,0,0,0,0,0,0,0,0,0,1,0,0,1,1,0,0,0,0,11,PS,Urbano,H,0,4,2,1,1
231601,1,1,0,1,1,1,1,1,1,0,0,0,0,1,0,1,0,1,1,0,0,0,1,1,0,0,1,0,0,1,1,1,0,1,0,1,1,0,0,0,0,0,0,0,0,21,PS,Urbano,M,1,2,3,1,1
231901,1,1,1,1,1,1,0,0,0,1,1,0,1,0,0,1,0,1,0,0,0,0,0,0,1,0,1,0,0,0,1,0,1,1,0,0,1,1,0,0,1,0,1,1,0,21,PS,Urbano,H,0,4,1,1,0
231998,0,0,0,1,1,1,1,0,1,0,1,0,0,0,0,0,0,1,1,0,0,1,0,1,0,0,0,0,0,0,0,0,0,1,0,0,0,0,0,0,1,0,1,0,1,14,PS,Urbano,M,0,1,1,1,0
232322,1,1,0,1,0,1,1,1,1,1,1,0,1,1,1,1,1,1,1,1,1,0,1,1,1,1,1,1,1,1,1,1,1,1,1,1,1,1,1,1,1,1,1,1,0,40,PP,Urbano,H,0,8,8,5,0
232495,1,0,1,1,1,1,1,0,1,0,1,0,1,0,1,1,1,1,1,1,1,1,1,0,1,1,1,0,1,1,0,1,0,1,0,1,0,1,1,1,1,1,1,1,1,34,PS,Urbano,M,0,3,7,2,1
232990,1,1,0,1,1,1,0,1,1,0,1,0,1,1,1,1,0,1,1,0,1,1,1,1,1,0,1,0,0,0,1,1,0,1,0,1,1,1,0,1,1,1,1,1,0,31,PS,Urbano,H,0,2,4,3,0
233221,1,0,0,1,0,1,0,0,0,0,0,0,0,0,1,1,0,0,0,1,0,1,0,1,0,0,0,1,1,0,0,0,1,0,0,0,0,0,1,0,0,1,0,1,0,14,PS,Urbano,M,0,4,4,4,1
234400,1,1,1,1,1,1,0,1,1,0,1,1,1,0,1,1,1,1,1,1,1,0,1,0,1,1,1,0,1,1,1,1,1,1,0,1,0,1,0,1,1,1,1,1,1,36,PS,Urbano,H,0,4,3,3,1
234594,1,0,0,1,1,1,0,0,1,0,0,1,0,0,0,1,0,1,1,0,0,0,0,1,0,1,0,0,0,0,1,1,0,1,0,0,0,0,0,0,1,0,1,0,1,17,PS,Urbano,H,0,4,4,2,1
234676,1,0,0,1,0,1,1,0,0,0,1,0,1,1,0,0,0,1,1,0,0,0,1,0,0,0,0,0,0,0,0,1,0,1,0,0,0,0,1,0,0,0,0,1,0,14,PS,Urbano,H,0,1,3,2,1
234722,1,1,1,1,1,1,0,0,1,0,1,0,1,0,1,1,0,1,1,1,1,0,1,1,0,1,1,0,0,0,0,0,1,0,0,1,0,0,0,0,1,0,0,1,0,23,PS,Urbano,H,0,4,5,4,1
235317,1,0,0,1,1,1,0,1,0,1,1,1,1,1,1,1,1,1,1,1,1,1,1,1,1,0,1,1,1,0,0,1,0,1,0,1,1,0,1,1,1,1,1,1,1,35,PS,Urbano,H,0,4,4,3,1
236996,1,0,0,1,1,1,0,0,0,0,0,1,1,0,0,1,1,1,1,1,0,0,1,1,0,0,0,0,0,1,1,0,0,0,0,1,0,1,0,1,1,0,0,0,0,19,MD,Rural,H,0,1,1,1,1
237120,1,0,1,0,1,1,1,1,1,0,1,1,1,0,0,0,1,1,1,1,1,1,1,1,1,1,1,0,1,1,1,1,1,1,0,1,1,0,0,1,1,1,1,1,0,34,PS,Urbano,M,0,7,8,4,1
237177,0,0,0,1,1,1,0,1,0,0,1,1,1,1,0,1,0,1,1,0,0,1,1,1,0,0,0,0,0,0,1,0,0,1,0,0,0,1,1,0,1,0,0,0,0,19,MD,Urbano,M,0,1,2,1,0
237377,1,1,0,0,1,1,0,1,1,0,1,0,1,0,0,1,1,1,1,1,1,0,1,1,1,1,1,0,0,0,1,1,1,0,0,1,0,1,0,1,0,1,1,1,0,28,PS,Urbano,H,0,8,7,3,0
237501,1,0,1,1,1,0,0,0,1,0,0,0,1,1,0,0,0,1,1,0,0,0,1,0,0,0,1,0,0,0,0,1,0,1,0,0,1,0,0,0,1,1,1,0,0,17,PS,Urbano,H,1,3,3,3,0
237804,1,1,1,1,1,1,0,1,1,1,1,0,1,1,0,1,1,1,1,1,1,1,1,1,1,1,1,1,0,0,1,1,1,1,1,1,1,1,1,1,1,1,1,1,0,39,PP,Urbano,M,0,8,8,5,1
238305,1,0,0,1,1,1,1,1,0,0,0,1,1,0,1,1,0,1,1,1,0,0,0,0,0,0,1,0,1,0,1,1,1,1,0,0,1,0,0,0,0,1,1,0,1,23,PS,Rural,H,1,2,1,1,0
238874,1,1,0,1,1,1,0,0,1,0,0,0,0,0,1,0,1,1,0,1,1,1,0,0,0,0,1,0,0,1,1,0,0,0,0,0,1,0,0,0,0,0,0,0,0,16,PS,Urbano,M,0,3,2,2,0
240168,0,0,0,1,1,1,1,1,0,0,0,0,0,0,0,0,0,1,1,0,0,0,1,0,1,0,0,0,0,1,0,0,0,0,0,0,0,1,0,0,0,0,0,0,1,12,PS,Urbano,H,0,4,8,3,1
240882,1,1,0,1,1,1,1,0,1,0,0,0,0,0,0,0,0,1,0,1,0,0,1,0,1,1,0,0,0,0,0,1,1,0,1,0,0,0,0,1,0,0,0,0,0,16,MD,Urbano,M,0,1,1,1,0
241143,1,0,0,1,1,1,0,0,0,0,1,0,1,1,0,0,1,1,0,1,1,0,1,0,1,0,1,0,1,0,1,1,0,1,0,0,1,1,1,1,0,1,1,1,1,26,MD,Urbano,H,0,1,3,1,1
242769,1,1,1,1,1,1,1,1,1,1,1,1,1,1,1,1,1,1,1,1,1,0,1,1,1,1,1,1,1,1,1,1,1,1,1,1,1,1,1,1,1,1,1,0,1,43,PS,Urbano,H,0,8,8,4,0
244166,0,0,1,1,1,0,1,1,0,0,0,0,1,0,0,0,1,1,0,0,0,0,0,0,0,1,0,0,0,0,1,1,0,0,0,0,0,0,1,0,0,0,1,0,0,13,MD,Urbano,H,0,3,3,2,0
245369,0,0,0,0,0,1,0,0,0,0,0,0,1,1,0,0,0,0,0,0,0,0,0,0,0,0,1,0,0,0,0,1,0,1,0,1,0,0,0,0,1,0,1,0,0,9,PS,Urbano,H,0,4,3,2,0
246322,1,0,1,1,1,1,0,1,1,0,0,0,1,1,0,1,0,1,1,0,1,0,1,0,1,0,1,0,0,1,1,1,0,1,0,1,1,1,0,1,1,0,0,0,1,26,MD,Urbano,M,0,4,6,3,0
246397,1,1,0,1,0,0,1,1,0,0,0,1,1,1,0,1,1,1,0,1,1,1,1,1,0,0,0,0,0,0,0,0,0,1,0,0,1,0,1,1,0,1,1,1,0,23,PS,Urbano,M,1,2,2,2,0
248469,1,1,0,1,1,1,0,0,1,0,0,1,1,0,0,0,0,0,0,1,1,0,0,0,0,0,0,0,1,0,0,1,1,0,0,0,1,0,0,0,0,0,1,0,0,15,MC,Urbano,M,0,6,5,2,0
248562,1,1,1,1,1,1,1,1,0,1,1,1,1,1,1,1,1,1,1,1,1,1,1,1,1,1,1,1,1,1,1,1,1,1,1,1,1,1,1,1,1,1,1,1,1,44,PS,Urbano,M,0,8,8,4,0
248823,1,1,1,1,1,1,1,1,1,0,1,1,1,1,1,1,1,1,1,0,0,1,1,1,1,0,1,1,1,0,1,1,1,1,1,1,1,1,1,1,1,1,1,1,1,40,PS,Urbano,H,0,6,4,4,1
250922,0,0,1,1,1,1,0,0,1,0,1,1,1,0,0,0,0,1,1,1,0,0,1,1,0,1,1,0,0,1,0,0,0,1,0,0,0,0,0,0,1,0,0,1,1,20,PS,Urbano,M,0,4,4,3,1
250927,1,1,0,0,1,1,0,1,1,0,1,1,0,0,0,0,0,1,1,1,1,1,1,0,0,0,1,0,0,0,1,1,1,1,0,0,1,1,1,0,0,1,0,0,0,23,PS,Urbano,M,0,3,3,3,1
251076,1,0,1,1,1,1,0,0,0,0,1,1,1,0,0,1,1,1,1,0,1,0,1,0,1,0,1,0,0,0,1,1,1,1,0,0,1,1,0,0,0,1,0,0,0,23,PS,Urbano,M,0,3,3,3,1
252207,0,0,0,1,1,0,0,0,0,0,0,0,0,0,0,0,0,0,0,1,0,0,1,0,1,0,0,1,0,1,0,0,0,1,0,0,1,0,0,0,1,1,0,0,0,11,PS,Urbano,H,0,3,3,3,1
253113,1,1,1,1,1,1,0,1,1,1,1,1,1,1,1,1,1,1,1,1,1,1,1,1,1,1,1,1,0,1,1,1,1,1,1,1,1,1,1,1,1,1,1,1,1,43,PS,Urbano,H,0,4,4,3,1
253129,1,0,0,1,1,1,0,1,1,1,0,1,0,1,0,1,0,1,1,1,0,1,1,0,1,1,1,0,0,0,1,1,0,1,0,1,1,1,0,0,1,1,1,1,1,29,PS,Urbano,H,0,2,2,3,1
253270,1,1,1,1,1,1,0,1,1,0,1,1,1,1,1,1,1,1,1,1,1,1,1,1,1,1,1,1,0,1,1,1,1,1,1,1,1,1,1,1,1,1,1,1,1,42,PP,Urbano,M,0,4,8,5,1
255147,1,1,0,1,1,0,0,1,0,0,0,0,0,0,1,0,0,1,1,1,1,1,1,0,0,1,1,0,0,0,0,0,0,0,0,0,0,0,0,1,1,0,1,0,0,17,PS,Urbano,M,0,4,2,2,0
256030,1,1,1,1,1,1,1,1,1,1,1,1,1,1,1,1,0,1,1,1,1,1,1,1,1,1,1,1,0,1,1,1,1,1,1,1,1,1,1,1,1,1,1,1,1,43,PP,Urbano,M,0,8,8,5,1
256810,1,1,1,1,1,1,1,1,1,0,1,1,1,1,1,1,0,1,1,1,1,0,1,0,0,0,1,0,0,1,1,1,1,1,0,1,1,1,1,1,1,1,1,1,1,36,PS,Urbano,M,0,2,7,4,0
257215,1,1,0,1,1,0,0,0,1,0,0,1,0,0,0,0,0,1,1,1,0,0,1,0,1,0,0,0,0,1,0,1,0,1,0,0,1,0,1,0,0,1,0,0,1,18,PS,Urbano,M,0,3,4,2,0
258269,0,1,0,0,1,1,0,0,1,0,0,0,0,0,0,0,0,0,0,1,0,0,0,0,0,0,1,1,0,0,0,0,0,0,0,0,1,1,0,0,1,1,1,1,0,13,PS,Urbano,M,0,4,4,3,1
258481,1,0,0,1,1,1,0,0,1,1,1,0,1,1,0,0,1,1,1,1,1,0,1,0,1,1,1,0,1,1,1,1,1,1,0,1,1,1,1,1,1,1,1,1,0,33,PS,Urbano,M,0,3,3,2,1
261247,1,0,1,1,1,1,1,1,1,1,1,0,1,1,1,1,1,1,1,1,1,0,1,1,1,1,1,1,0,1,1,1,1,1,0,1,1,1,1,1,1,1,1,1,1,40,PS,Urbano,M,0,4,5,4,1
261859,1,0,0,1,0,0,0,0,0,0,0,1,0,0,0,0,0,0,0,0,1,0,0,0,0,0,1,0,0,0,1,0,1,0,0,0,0,1,0,0,0,0,0,1,1,10,PS,Urbano,H,1,4,4,2,0
261972,1,0,1,1,0,0,0,0,0,0,0,0,0,0,1,0,0,1,1,0,0,0,0,0,0,0,1,0,0,1,0,1,1,0,0,0,1,0,1,0,0,1,0,0,0,13,PS,Urbano,H,0,1,1,2,0
262419,0,0,0,1,1,0,0,0,0,0,1,1,1,0,0,1,0,1,0,0,0,0,0,0,1,0,0,0,0,0,0,0,0,0,0,0,0,0,0,0,0,0,0,0,0,8,PS,Urbano,H,0,3,4,1,1
262846,1,1,1,1,1,0,0,0,1,0,0,0,1,0,1,0,0,1,1,0,1,0,1,0,0,0,0,0,0,0,0,0,1,0,0,0,0,0,1,0,0,0,0,0,1,15,PS,Urbano,H,0,5,4,4,1
263119,1,1,0,1,1,1,0,1,1,1,0,1,0,0,1,0,0,1,1,1,1,1,1,0,0,0,0,0,0,0,1,1,0,1,0,0,1,1,1,0,1,1,1,1,0,26,PS,Urbano,M,0,6,6,3,0
263213,1,0,0,1,0,1,0,0,1,0,1,0,1,0,1,0,1,1,1,0,0,0,1,0,0,0,0,0,0,0,1,0,1,1,0,0,0,0,1,1,0,1,1,1,1,20,PS,Urbano,H,0,3,3,2,1
263472,1,1,0,1,1,1,0,1,1,1,1,1,0,1,1,1,1,1,1,0,0,0,0,0,0,0,0,0,1,0,1,0,0,1,0,1,1,0,0,1,1,0,1,0,0,24,PS,Urbano,H,0,5,4,4,0
263561,1,0,1,0,1,1,0,1,1,0,0,1,1,1,0,0,1,1,1,1,1,0,1,0,0,1,0,0,0,1,1,1,1,1,0,1,1,0,0,1,0,0,1,1,0,26,PS,Urbano,H,0,4,5,4,0
263883,0,1,0,1,1,1,0,0,0,0,0,1,1,0,1,0,1,1,0,0,0,0,1,0,0,0,1,0,0,0,1,0,0,0,0,0,0,1,1,0,0,0,1,0,0,15,PS,Urbano,M,0,1,1,2,1
264796,1,1,1,1,1,1,1,1,1,0,0,1,1,1,0,1,0,1,1,0,1,0,1,1,1,1,0,0,0,0,1,1,1,1,0,1,1,1,1,0,1,1,1,1,0,32,PS,Urbano,M,0,2,3,3,1
265040,1,1,1,1,1,1,0,1,1,0,0,0,0,0,1,0,0,0,0,0,0,0,0,1,1,0,0,1,0,0,1,1,0,1,0,0,1,0,0,0,1,0,0,0,1,18,PS,Urbano,H,0,4,4,2,0
266795,0,1,1,0,1,0,1,1,1,0,0,0,1,0,0,0,0,0,0,0,0,0,0,0,0,0,1,1,0,0,0,0,0,0,0,0,1,0,0,0,1,0,1,0,0,12,PS,Urbano,H,0,3,3,2,1
267328,1,1,1,1,0,1,0,0,1,0,0,0,1,1,0,1,0,1,1,0,0,1,1,0,0,1,1,0,1,0,1,1,1,1,0,0,0,0,0,0,0,1,0,0,0,21,MC,Urbano,M,0,3,2,2,1
267687,1,0,0,1,1,1,1,1,1,0,1,0,1,1,1,1,0,1,1,0,1,1,1,1,0,0,0,0,0,0,1,1,1,1,0,1,1,0,1,1,1,1,1,1,0,30,PS,Urbano,M,0,4,4,4,0
267691,1,1,0,1,1,1,0,1,0,0,0,1,1,0,0,0,0,1,1,0,1,1,1,1,1,0,0,0,0,0,1,1,0,1,1,1,1,1,0,1,1,1,1,1,0,27,PS,Urbano,M,0,3,3,4,0
268911,1,0,0,1,0,0,0,0,0,0,0,0,1,1,1,0,0,1,0,0,1,0,1,0,0,0,1,0,0,0,0,1,1,0,0,1,0,0,0,0,0,1,0,1,0,14,PS,Urbano,M,0,8,8,4,1
269035,1,0,0,1,1,1,0,1,1,1,0,1,0,0,1,0,1,1,1,1,0,1,1,0,1,0,0,1,0,1,1,1,1,1,0,1,0,1,1,1,1,1,1,0,1,30,PS,Urbano,M,0,8,6,4,1
269876,1,1,0,1,1,1,0,1,1,0,0,1,1,0,0,1,1,1,1,1,1,0,1,0,1,0,1,0,0,0,1,1,1,1,1,1,1,1,1,1,1,1,1,1,0,32,PS,Urbano,M,0,8,4,4,1
271253,0,1,0,1,1,1,0,0,1,0,0,0,0,1,1,0,1,1,0,0,1,0,1,1,0,0,0,0,0,0,1,1,1,0,0,1,0,1,0,0,0,1,0,1,0,19,PS,Urbano,M,1,4,8,4,1
271746,1,1,1,1,1,1,0,1,1,0,0,0,1,0,0,1,0,0,1,0,1,0,0,0,1,1,0,1,0,1,0,1,0,1,1,1,0,1,1,0,1,1,1,1,1,27,MC,Urbano,H,0,4,4,2,1
271998,0,0,0,0,1,1,0,1,0,0,0,1,0,0,0,1,0,1,1,0,0,0,0,0,0,0,0,1,0,0,0,0,1,0,0,1,1,0,1,0,0,0,0,1,0,13,PS,Urbano,M,0,4,4,3,1
272914,1,1,0,1,1,1,0,0,1,0,1,0,1,0,0,0,1,0,0,1,1,0,1,1,0,1,1,0,0,1,1,1,0,1,0,1,0,1,1,1,0,1,0,1,1,26,PS,Urbano,H,0,3,5,1,1
273178,1,1,1,1,1,1,0,1,1,0,1,0,0,1,1,1,0,1,1,1,1,1,1,1,1,0,1,0,0,0,1,1,1,1,1,1,1,0,1,0,1,1,1,1,0,33,PS,Urbano,M,0,5,4,4,0
274925,1,1,1,1,1,1,0,1,1,0,0,0,0,0,0,0,1,1,1,1,1,0,1,0,0,0,0,0,0,0,1,1,0,1,0,0,0,1,1,1,0,1,0,0,1,22,MC,Urbano,M,0,8,8,3,0
275092,1,0,0,0,0,0,0,0,0,0,1,0,0,0,1,0,0,0,0,1,0,0,0,1,0,0,1,1,0,0,0,1,0,0,0,0,0,0,0,1,1,0,0,1,1,12,MC,Urbano,M,0,4,1,2,0
275197,1,1,1,1,1,1,0,0,1,0,1,1,1,1,1,1,0,1,1,0,1,0,1,0,1,0,1,1,0,0,1,1,1,1,0,1,1,1,1,1,1,0,0,0,0,30,PS,Urbano,M,0,8,8,3,0
278090,1,0,0,0,0,1,0,0,0,0,0,1,0,1,1,1,0,1,1,1,0,0,0,1,0,0,1,1,0,0,0,1,0,1,0,1,0,1,0,0,1,0,0,0,0,17,PS,Rural,M,0,2,2,2,0
278810,1,0,1,1,1,1,0,0,0,0,1,1,1,0,1,0,0,1,1,1,1,0,1,0,1,0,1,1,0,0,1,1,0,1,0,1,1,1,1,1,1,1,1,1,1,30,PS,Urbano,M,0,6,8,3,0
